post_id,date_time,thread_date,text,source,engagement,url,date_quality,original_text,clean_text,word_count,character_count,analysis_text,sentiment,compound_score,positive_score,negative_score,neutral_score,themes,manual_review_flag,engagement_numeric,r2_pred,r2_conf,r2_p_negative,r2_p_neutral,r2_p_positive
post-44331272,,2026-03-25,AI-generated content is still acceptable for now. See full article...,Ars OpenForum,,https://arstechnica.com/civis/threads/reddit-will-require-fishy-accounts-to-verify-they-are-run-by-a-human.1512275/,unverified,AI-generated content is still acceptable for now. See full article...,AI-generated content is still acceptable for now. See full article...,10,69,ai generated content is still acceptable for now see full article,Positive,0.3182,0.187,0.0,0.813,[],False,,Neutral,0.39000553429005874,0.2468077250371767,0.39000553429005874,0.36318674067276446
post-44331294,,2026-03-25,"Gotta be a tough one because the reality is, they like and need bots (and fishy accounts).",Ars OpenForum,,https://arstechnica.com/civis/threads/reddit-will-require-fishy-accounts-to-verify-they-are-run-by-a-human.1512275/,unverified,"Gotta be a tough one because the reality is, they like and need bots (and fishy accounts).","Gotta be a tough one because the reality is, they like and need bots (and fishy accounts).",17,90,gotta be a tough one because the reality is they like and need bots and fishy accounts,Positive,0.25,0.132,0.079,0.789,"['Bot Detection & Spam', 'Anonymity & User Freedom', 'Convenience & User Experience']",False,,Negative,0.5556092806479053,0.5556092806479053,0.26936451165837205,0.17502620769372276
post-44331299,,2026-03-25,"They can't sell AI generated text back to AI, or can they?",Ars OpenForum,,https://arstechnica.com/civis/threads/reddit-will-require-fishy-accounts-to-verify-they-are-run-by-a-human.1512275/,unverified,"They can't sell AI generated text back to AI, or can they?","They can't sell AI generated text back to AI, or can they?",12,58,they can't sell ai generated text back to ai or can they,Neutral,0.0,0.0,0.0,1.0,[],False,,Negative,0.5872091662485796,0.5872091662485796,0.26811389383682116,0.14467693991459935
post-44331309,,2026-03-25,"This will stand as a crucial and profound reminder that we must all endeavor to showcase not just our humanity—but also our not-robotity—in our writing, speech, and other patterns.",Ars OpenForum,,https://arstechnica.com/civis/threads/reddit-will-require-fishy-accounts-to-verify-they-are-run-by-a-human.1512275/,unverified,"This will stand as a crucial and profound reminder that we must all endeavor to showcase not just our humanity—but also our not-robotity—in our writing, speech, and other patterns.","This will stand as a crucial and profound reminder that we must all endeavor to showcase not just our humanity—but also our not-robotity—in our writing, speech, and other patterns.",29,180,this will stand as a crucial and profound reminder that we must all endeavor to showcase not just our humanity but also our not robotity in our writing speech and other patterns,Neutral,0.0,0.0,0.0,1.0,['Bot Detection & Spam'],False,,Negative,0.5852340551504132,0.5852340551504132,0.18329702933856182,0.23146891551102516
post-44331317,,2026-03-25,"So he's gonna use another AI model to analyze accounts to see if they belong to bots? God knows he won't pay mods to moderate subs so he has to use AI instead. Also, FUCK SPEZ, for attempting to blackmail the most populated 3rd party app on iOS (Apollo) in an attempt to extort money from it. I will not let that go, especially as he continues to waltz around like a millionaire after the IPO.",Ars OpenForum,,https://arstechnica.com/civis/threads/reddit-will-require-fishy-accounts-to-verify-they-are-run-by-a-human.1512275/,unverified,"So he's gonna use another AI model to analyze accounts to see if they belong to bots? God knows he won't pay mods to moderate subs so he has to use AI instead. Also, FUCK SPEZ, for attempting to blackmail the most populated 3rd party app on iOS (Apollo) in an attempt to extort money from it. I will not let that go, especially as he continues to waltz around like a millionaire after the IPO.","So he's gonna use another AI model to analyze accounts to see if they belong to bots? God knows he won't pay mods to moderate subs so he has to use AI instead. Also, FUCK SPEZ, for attempting to blackmail the most populated 3rd party app on iOS (Apollo) in an attempt to extort money from it. I will not let that go, especially as he continues to waltz around like a millionaire after the IPO.",76,393,so he's gonna use another ai model to analyze accounts to see if they belong to bots god knows he won't pay mods to moderate subs so he has to use ai instead also fuck spez for attempting to blackmail the most populated 3rd party app on ios apollo in an attempt to extort money from it i will not let that go especially as he continues to waltz around like a millionaire after the ipo,Positive,0.5203,0.106,0.042,0.852,"['Bot Detection & Spam', 'Anonymity & User Freedom', 'Convenience & User Experience']",True,,Negative,0.6068156804671647,0.6068156804671647,0.22872505815608024,0.164459261376755
post-44331323,,2026-03-25,"Reddit is also looking into third-party biometric services, like World ID , which uses iris-scanning tech. Click to expand... LMAO, fuck all the way off. Then come back so you can fuck off again, just to make sure it wasn't a fluke.",Ars OpenForum,,https://arstechnica.com/civis/threads/reddit-will-require-fishy-accounts-to-verify-they-are-run-by-a-human.1512275/,unverified,"Reddit is also looking into third-party biometric services, like World ID , which uses iris-scanning tech. Click to expand... LMAO, fuck all the way off. Then come back so you can fuck off again, just to make sure it wasn't a fluke.","Reddit is also looking into third-party biometric services, like World ID , which uses iris-scanning tech. Click to expand... LMAO, fuck all the way off. Then come back so you can fuck off again, just to make sure it wasn't a fluke.",42,232,reddit is also looking into third party biometric services like world id which uses iris scanning tech click to expand lmao fuck all the way off then come back so you can fuck off again just to make sure it wasn't a fluke,Positive,0.6637,0.241,0.128,0.632,"['Privacy & Data Concerns', 'Trust & Reddit', 'Convenience & User Experience']",False,,Negative,0.5883326170609737,0.5883326170609737,0.12696091179238114,0.2847064711466451
post-44331337,,2026-03-25,"rcduke said: So he's gonna use another AI model to analyze accounts to see if they belong to bots? God knows he won't pay mods to moderate subs so he has to use AI instead. Also, FUCK SPEZ, for attempting to blackmail the most populated 3rd party app on iOS (Apollo) in an attempt to extort money from it. I will not let that go, especially as he continues to waltz around like a millionaire after the IPO. Click to expand... I quit browsing Reddit cold turkey when that happened. I suppose I still read posts that come up as search results if I'm hunting for something specific, but that's one a month or less.",Ars OpenForum,,https://arstechnica.com/civis/threads/reddit-will-require-fishy-accounts-to-verify-they-are-run-by-a-human.1512275/,unverified,"rcduke said: So he's gonna use another AI model to analyze accounts to see if they belong to bots? God knows he won't pay mods to moderate subs so he has to use AI instead. Also, FUCK SPEZ, for attempting to blackmail the most populated 3rd party app on iOS (Apollo) in an attempt to extort money from it. I will not let that go, especially as he continues to waltz around like a millionaire after the IPO. Click to expand... I quit browsing Reddit cold turkey when that happened. I suppose I still read posts that come up as search results if I'm hunting for something specific, but that's one a month or less.","rcduke said: So he's gonna use another AI model to analyze accounts to see if they belong to bots? God knows he won't pay mods to moderate subs so he has to use AI instead. Also, FUCK SPEZ, for attempting to blackmail the most populated 3rd party app on iOS (Apollo) in an attempt to extort money from it. I will not let that go, especially as he continues to waltz around like a millionaire after the IPO. Click to expand... I quit browsing Reddit cold turkey when that happened. I suppose I still read posts that come up as search results if I'm hunting for something specific, but that's one a month or less.",115,611,rcduke said so he's gonna use another ai model to analyze accounts to see if they belong to bots god knows he won't pay mods to moderate subs so he has to use ai instead also fuck spez for attempting to blackmail the most populated 3rd party app on ios apollo in an attempt to extort money from it i will not let that go especially as he continues to waltz around like a millionaire after the ipo click to expand i quit browsing reddit cold turkey when that happened i suppose i still read posts that come up as search results if i'm hunting for something specific but that's one a month or less,Positive,0.4272,0.068,0.019,0.913,"['Privacy & Data Concerns', 'Bot Detection & Spam', 'Anonymity & User Freedom', 'Trust & Reddit', 'Convenience & User Experience']",True,,Negative,0.6235394663985523,0.6235394663985523,0.27510527391384665,0.10135525968760105
post-44331347,,2026-03-25,yeah sure. people are going to scan their retinas just to use Reddit . gtfo,Ars OpenForum,,https://arstechnica.com/civis/threads/reddit-will-require-fishy-accounts-to-verify-they-are-run-by-a-human.1512275/,unverified,yeah sure. people are going to scan their retinas just to use Reddit . gtfo,yeah sure. people are going to scan their retinas just to use Reddit . gtfo,15,75,yeah sure people are going to scan their retinas just to use reddit gtfo,Positive,0.5423,0.273,0.0,0.727,"['Privacy & Data Concerns', 'Trust & Reddit', 'Convenience & User Experience']",True,,Negative,0.4627019450522724,0.4627019450522724,0.3516600315161974,0.18563802343153007
post-44331354,,2026-03-25,"They told me on the internet, no one would know I was a fish!",Ars OpenForum,,https://arstechnica.com/civis/threads/reddit-will-require-fishy-accounts-to-verify-they-are-run-by-a-human.1512275/,unverified,"They told me on the internet, no one would know I was a fish!","They told me on the internet, no one would know I was a fish!",14,61,they told me on the internet no one would know i was a fish,Negative,-0.296,0.0,0.145,0.855,[],False,,Negative,0.6563250347115986,0.6563250347115986,0.23949918465921122,0.10417578062919006
post-44331356,,2026-03-25,"Zapitron said: This will stand as a crucial and profound reminder that we must all endeavor to showcase not just our humanity—but also our not-robotity—in our writing, speech, and other patterns. Click to expand... since LLMs just copy what humans do, this will never work. thanks techbros. this is great.",Ars OpenForum,,https://arstechnica.com/civis/threads/reddit-will-require-fishy-accounts-to-verify-they-are-run-by-a-human.1512275/,unverified,"Zapitron said: This will stand as a crucial and profound reminder that we must all endeavor to showcase not just our humanity—but also our not-robotity—in our writing, speech, and other patterns. Click to expand... since LLMs just copy what humans do, this will never work. thanks techbros. this is great.","Zapitron said: This will stand as a crucial and profound reminder that we must all endeavor to showcase not just our humanity—but also our not-robotity—in our writing, speech, and other patterns. Click to expand... since LLMs just copy what humans do, this will never work. thanks techbros. this is great.",50,305,zapitron said this will stand as a crucial and profound reminder that we must all endeavor to showcase not just our humanity but also our not robotity in our writing speech and other patterns click to expand since llms just copy what humans do this will never work thanks techbros this is great,Positive,0.7573,0.139,0.05,0.81,"['Privacy & Data Concerns', 'Bot Detection & Spam']",True,,Negative,0.5586065176862676,0.5586065176862676,0.14812843714428323,0.29326504516944923
post-44331406,,2026-03-25,Digg is still around. Huh.,Ars OpenForum,,https://arstechnica.com/civis/threads/reddit-will-require-fishy-accounts-to-verify-they-are-run-by-a-human.1512275/,unverified,Digg is still around. Huh.,Digg is still around. Huh.,5,26,digg is still around huh,Neutral,0.0,0.0,0.0,1.0,[],False,,Neutral,0.4606254921457723,0.3350624847945356,0.4606254921457723,0.20431202305969204
post-44331408,,2026-03-25,"cleek said: yeah sure. people are going to scan their retinas just to use Reddit . gtfo Click to expand... Of course not, don't be ridiculous, they will scan their Irises",Ars OpenForum,,https://arstechnica.com/civis/threads/reddit-will-require-fishy-accounts-to-verify-they-are-run-by-a-human.1512275/,unverified,"cleek said: yeah sure. people are going to scan their retinas just to use Reddit . gtfo Click to expand... Of course not, don't be ridiculous, they will scan their Irises","cleek said: yeah sure. people are going to scan their retinas just to use Reddit . gtfo Click to expand... Of course not, don't be ridiculous, they will scan their Irises",31,170,cleek said yeah sure people are going to scan their retinas just to use reddit gtfo click to expand of course not don't be ridiculous they will scan their irises,Positive,0.6096,0.196,0.053,0.751,"['Privacy & Data Concerns', 'Trust & Reddit', 'Convenience & User Experience']",True,,Negative,0.704340470743352,0.704340470743352,0.23492858270395114,0.060730946552696806
post-44331434,,2026-03-25,"Human verification will only occur if Reddit suspects that an account is a bot. This is “rare” and won’t apply to “most users” Click to expand... Sure, Jan. Maybe for varying definitions of the words ""rare"" and ""most""?",Ars OpenForum,,https://arstechnica.com/civis/threads/reddit-will-require-fishy-accounts-to-verify-they-are-run-by-a-human.1512275/,unverified,"Human verification will only occur if Reddit suspects that an account is a bot. This is “rare” and won’t apply to “most users” Click to expand... Sure, Jan. Maybe for varying definitions of the words ""rare"" and ""most""?","Human verification will only occur if Reddit suspects that an account is a bot. This is “rare” and won’t apply to “most users” Click to expand... Sure, Jan. Maybe for varying definitions of the words ""rare"" and ""most""?",38,218,human verification will only occur if reddit suspects that an account is a bot this is rare and won t apply to most users click to expand sure jan maybe for varying definitions of the words rare and most,Positive,0.7096,0.182,0.053,0.766,"['Bot Detection & Spam', 'Verification & Authentication', 'Anonymity & User Freedom', 'Trust & Reddit', 'Convenience & User Experience']",False,,Negative,0.4343836188373061,0.4343836188373061,0.19484542058575935,0.37077096057693465
post-44331439,,2026-03-25,"asihkaeun said: I quit browsing Reddit cold turkey when that happened. I suppose I still read posts that come up as search results if I'm hunting for something specific, but that's one a month or less. Click to expand... Same. My wife still uses it, but once I could no longer use RIF, I just quit. My only regret is that I didn't delete all my posts. I deleted everything on Twitter when I left that.",Ars OpenForum,,https://arstechnica.com/civis/threads/reddit-will-require-fishy-accounts-to-verify-they-are-run-by-a-human.1512275/,unverified,"asihkaeun said: I quit browsing Reddit cold turkey when that happened. I suppose I still read posts that come up as search results if I'm hunting for something specific, but that's one a month or less. Click to expand... Same. My wife still uses it, but once I could no longer use RIF, I just quit. My only regret is that I didn't delete all my posts. I deleted everything on Twitter when I left that.","asihkaeun said: I quit browsing Reddit cold turkey when that happened. I suppose I still read posts that come up as search results if I'm hunting for something specific, but that's one a month or less. Click to expand... Same. My wife still uses it, but once I could no longer use RIF, I just quit. My only regret is that I didn't delete all my posts. I deleted everything on Twitter when I left that.",76,401,asihkaeun said i quit browsing reddit cold turkey when that happened i suppose i still read posts that come up as search results if i'm hunting for something specific but that's one a month or less click to expand same my wife still uses it but once i could no longer use rif i just quit my only regret is that i didn't delete all my posts i deleted everything on twitter when i left that,Negative,-0.6054,0.031,0.079,0.89,"['Privacy & Data Concerns', 'Trust & Reddit', 'Convenience & User Experience']",False,,Negative,0.6652220137814393,0.6652220137814393,0.25372565937796726,0.0810523268405934
post-44331454,,2026-03-25,"Recently I had to prove I was human by clicking on a box and holding down the mouse button.  Took longer than I thought it should.  Almost like if I gave up it would be a better indicator I was human. Like, this is ridiculous. Gotta say I missed picking out Traffic Lights or Bicycles or Crosswalks or Buses or Motorcycles but we were doing that to train the AI to do exactly that so.... we done played ourselves.",Ars OpenForum,,https://arstechnica.com/civis/threads/reddit-will-require-fishy-accounts-to-verify-they-are-run-by-a-human.1512275/,unverified,"Recently I had to prove I was human by clicking on a box and holding down the mouse button.  Took longer than I thought it should.  Almost like if I gave up it would be a better indicator I was human. Like, this is ridiculous. Gotta say I missed picking out Traffic Lights or Bicycles or Crosswalks or Buses or Motorcycles but we were doing that to train the AI to do exactly that so.... we done played ourselves.","Recently I had to prove I was human by clicking on a box and holding down the mouse button. Took longer than I thought it should. Almost like if I gave up it would be a better indicator I was human. Like, this is ridiculous. Gotta say I missed picking out Traffic Lights or Bicycles or Crosswalks or Buses or Motorcycles but we were doing that to train the AI to do exactly that so.... we done played ourselves.",79,411,recently i had to prove i was human by clicking on a box and holding down the mouse button took longer than i thought it should almost like if i gave up it would be a better indicator i was human like this is ridiculous gotta say i missed picking out traffic lights or bicycles or crosswalks or buses or motorcycles but we were doing that to train the ai to do exactly that so we done played ourselves,Positive,0.6651,0.103,0.039,0.857,"['Privacy & Data Concerns', 'Convenience & User Experience']",True,,Negative,0.6128226682675877,0.6128226682675877,0.1746939060145451,0.2124834257178672
post-44331476,,2026-03-25,"Reddit has never been much of an influence on my radar. Crowdsourced answers are obviously suspect to begin with, but sometimes they had links to more reliable information. Mostly I ignore them. They haven't been elevated in importance by Google who has of late started giving pure shit for results.  I've had to tack on ""-tiktok -facebook -instagram -meta -youtube"" just to keep half of it off my results, since none of those in any way are useful in any search.  But they're all in my top 10 if I don't. Reddit is close to being added to that list, as of late.  If there ever comes a time when they ban user-posted links to information, then it will be added.  I'd do better asking random people on the streets.  At least then you have some impression of the value of their information.",Ars OpenForum,,https://arstechnica.com/civis/threads/reddit-will-require-fishy-accounts-to-verify-they-are-run-by-a-human.1512275/,unverified,"Reddit has never been much of an influence on my radar. Crowdsourced answers are obviously suspect to begin with, but sometimes they had links to more reliable information. Mostly I ignore them. They haven't been elevated in importance by Google who has of late started giving pure shit for results.  I've had to tack on ""-tiktok -facebook -instagram -meta -youtube"" just to keep half of it off my results, since none of those in any way are useful in any search.  But they're all in my top 10 if I don't. Reddit is close to being added to that list, as of late.  If there ever comes a time when they ban user-posted links to information, then it will be added.  I'd do better asking random people on the streets.  At least then you have some impression of the value of their information.","Reddit has never been much of an influence on my radar. Crowdsourced answers are obviously suspect to begin with, but sometimes they had links to more reliable information. Mostly I ignore them. They haven't been elevated in importance by Google who has of late started giving pure shit for results. I've had to tack on ""-tiktok -facebook -instagram -meta -youtube"" just to keep half of it off my results, since none of those in any way are useful in any search. But they're all in my top 10 if I don't. Reddit is close to being added to that list, as of late. If there ever comes a time when they ban user-posted links to information, then it will be added. I'd do better asking random people on the streets. At least then you have some impression of the value of their information.",143,783,reddit has never been much of an influence on my radar crowdsourced answers are obviously suspect to begin with but sometimes they had links to more reliable information mostly i ignore them they haven't been elevated in importance by google who has of late started giving pure shit for results i've had to tack on tiktok facebook instagram meta youtube just to keep half of it off my results since none of those in any way are useful in any search but they're all in my top 10 if i don't reddit is close to being added to that list as of late if there ever comes a time when they ban user posted links to information then it will be added i'd do better asking random people on the streets at least then you have some impression of the value of their information,Positive,0.7227,0.128,0.087,0.785,"['Privacy & Data Concerns', 'Trust & Reddit', 'Convenience & User Experience']",True,,Negative,0.7499365386843588,0.7499365386843588,0.1663769047146657,0.08368655660097553
post-44331596,,2026-03-25,"Not surprising given the recent issues with /all that showed a complete disconnect from... well, anything human. Botting has been an issue for years; I think the 2020 election season and then the arrival of genai in 22/23 really switched it into high gear. You can observe it even on small subreddits when upvote counts will mysteriously surge into the hundreds when you know there's a couple dozen people there tops. The upvote issue, which mods can't really do shit about, is probably the most significant one that needs addressing (and conversely the downvote issue). You'll also see all sorts of shit like a surge in thread responses days after the thread's gone inactive (along with wild swings in votes), and even straight up incompetence--the r/army mods have seen posts that are just written in Russian (mostly of the unoriginal ""your wives are getting fucked by other men"" type) and they forgot to translate them. There's probably much easier ways to spot them than just using AI though. Like filtering all users who list a snapchat or telegram anywhere on their accounts, for instance.",Ars OpenForum,,https://arstechnica.com/civis/threads/reddit-will-require-fishy-accounts-to-verify-they-are-run-by-a-human.1512275/,unverified,"Not surprising given the recent issues with /all that showed a complete disconnect from... well, anything human. Botting has been an issue for years; I think the 2020 election season and then the arrival of genai in 22/23 really switched it into high gear. You can observe it even on small subreddits when upvote counts will mysteriously surge into the hundreds when you know there's a couple dozen people there tops. The upvote issue, which mods can't really do shit about, is probably the most significant one that needs addressing (and conversely the downvote issue). You'll also see all sorts of shit like a surge in thread responses days after the thread's gone inactive (along with wild swings in votes), and even straight up incompetence--the r/army mods have seen posts that are just written in Russian (mostly of the unoriginal ""your wives are getting fucked by other men"" type) and they forgot to translate them. There's probably much easier ways to spot them than just using AI though. Like filtering all users who list a snapchat or telegram anywhere on their accounts, for instance.","Not surprising given the recent issues with /all that showed a complete disconnect from... well, anything human. Botting has been an issue for years; I think the 2020 election season and then the arrival of genai in 22/23 really switched it into high gear. You can observe it even on small subreddits when upvote counts will mysteriously surge into the hundreds when you know there's a couple dozen people there tops. The upvote issue, which mods can't really do shit about, is probably the most significant one that needs addressing (and conversely the downvote issue). You'll also see all sorts of shit like a surge in thread responses days after the thread's gone inactive (along with wild swings in votes), and even straight up incompetence--the r/army mods have seen posts that are just written in Russian (mostly of the unoriginal ""your wives are getting fucked by other men"" type) and they forgot to translate them. There's probably much easier ways to spot them than just using AI though. Like filtering all users who list a snapchat or telegram anywhere on their accounts, for instance.",184,1095,not surprising given the recent issues with all that showed a complete disconnect from well anything human botting has been an issue for years i think the 2020 election season and then the arrival of genai in 22 23 really switched it into high gear you can observe it even on small subreddits when upvote counts will mysteriously surge into the hundreds when you know there's a couple dozen people there tops the upvote issue which mods can't really do shit about is probably the most significant one that needs addressing and conversely the downvote issue you'll also see all sorts of shit like a surge in thread responses days after the thread's gone inactive along with wild swings in votes and even straight up incompetence the r army mods have seen posts that are just written in russian mostly of the unoriginal your wives are getting fucked by other men type and they forgot to translate them there's probably much easier ways to spot them than just using ai though like filtering all users who list a snapchat or telegram anywhere on their accounts for instance,Positive,0.638,0.098,0.063,0.84,"['Bot Detection & Spam', 'Anonymity & User Freedom', 'Trust & Reddit', 'Convenience & User Experience']",False,,Negative,0.7550346050448905,0.7550346050448905,0.13841290080876745,0.10655249414634219
post-44331632,,2026-03-25,"yeah i wonder if this will be used to quieten anti govt accounts rather than actual bots. bit like meta at the moment, the only thing ive seen them remove is a post about trump, vile far right comments are left up without issue. awful that i even think this, im not a conspiracy theory nut.",Ars OpenForum,,https://arstechnica.com/civis/threads/reddit-will-require-fishy-accounts-to-verify-they-are-run-by-a-human.1512275/,unverified,"yeah i wonder if this will be used to quieten anti govt accounts rather than actual bots. bit like meta at the moment, the only thing ive seen them remove is a post about trump, vile far right comments are left up without issue. awful that i even think this, im not a conspiracy theory nut.","yeah i wonder if this will be used to quieten anti govt accounts rather than actual bots. bit like meta at the moment, the only thing ive seen them remove is a post about trump, vile far right comments are left up without issue. awful that i even think this, im not a conspiracy theory nut.",56,290,yeah i wonder if this will be used to quieten anti govt accounts rather than actual bots bit like meta at the moment the only thing ive seen them remove is a post about trump vile far right comments are left up without issue awful that i even think this im not a conspiracy theory nut,Positive,0.3728,0.15,0.096,0.754,"['Bot Detection & Spam', 'Anonymity & User Freedom', 'Convenience & User Experience']",False,,Negative,0.6368493595821468,0.6368493595821468,0.23543626571028975,0.12771437470756353
post-44331668,,2026-03-25,"Feeds human content to AI AI posts content to reddit Model collapse If Reddit asks for ID, I will leave. I am probably not alone on this.",Ars OpenForum,,https://arstechnica.com/civis/threads/reddit-will-require-fishy-accounts-to-verify-they-are-run-by-a-human.1512275/,unverified,"Feeds human content to AI AI posts content to reddit Model collapse If Reddit asks for ID, I will leave. I am probably not alone on this.","Feeds human content to AI AI posts content to reddit Model collapse If Reddit asks for ID, I will leave. I am probably not alone on this.",27,137,feeds human content to ai ai posts content to reddit model collapse if reddit asks for id i will leave i am probably not alone on this,Negative,-0.3939,0.058,0.146,0.796,"['Privacy & Data Concerns', 'Trust & Reddit', 'Convenience & User Experience']",False,,Negative,0.39224713226540964,0.39224713226540964,0.35518916986981697,0.2525636978647734
post-44331669,,2026-03-25,"I like Reddit well enough, but I'm not going to verify my identity for some stupid website. It's not that important.",Ars OpenForum,,https://arstechnica.com/civis/threads/reddit-will-require-fishy-accounts-to-verify-they-are-run-by-a-human.1512275/,unverified,"I like Reddit well enough, but I'm not going to verify my identity for some stupid website. It's not that important.","I like Reddit well enough, but I'm not going to verify my identity for some stupid website. It's not that important.",21,116,i like reddit well enough but i'm not going to verify my identity for some stupid website it's not that important,Negative,-0.6355,0.123,0.242,0.635,"['Privacy & Data Concerns', 'Verification & Authentication', 'Anonymity & User Freedom', 'Trust & Reddit']",True,,Negative,0.7531756901032735,0.7531756901032735,0.11875123147492009,0.12807307842180657
post-44331676,,2026-03-25,Seems likely that bots can provide images or video of plausible irises.,Ars OpenForum,,https://arstechnica.com/civis/threads/reddit-will-require-fishy-accounts-to-verify-they-are-run-by-a-human.1512275/,unverified,Seems likely that bots can provide images or video of plausible irises.,Seems likely that bots can provide images or video of plausible irises.,12,71,seems likely that bots can provide images or video of plausible irises,Neutral,0.0,0.0,0.0,1.0,"['Privacy & Data Concerns', 'Bot Detection & Spam']",False,,Neutral,0.4327896768485256,0.40784825796623736,0.4327896768485256,0.15936206518523702
post-44331700,,2026-03-25,"I've always just used Reddit as a place to find user suggestions for technical problems. Sometimes, these suggestions are even correct or useful. The best part of the site is that it's accessible without needing an account at all. Unlike most social media sites, it doesn't lock content behind a login, so I just land there from a web search, see if there are any diamonds in the rough, and carry on. Sometimes, this will momentarily spark my interest in Reddit and I'll check out /r/all or the front page, but it seems to be mostly bot content these days, with the discussion on each post being focused on how the content is a repost/bot/AI/fake. The narrow technical subreddits seem to be the same as they always were, but from an outsider's perspective, the broader site doesn't seem in a particularly healthy state.",Ars OpenForum,,https://arstechnica.com/civis/threads/reddit-will-require-fishy-accounts-to-verify-they-are-run-by-a-human.1512275/,unverified,"I've always just used Reddit as a place to find user suggestions for technical problems. Sometimes, these suggestions are even correct or useful. The best part of the site is that it's accessible without needing an account at all. Unlike most social media sites, it doesn't lock content behind a login, so I just land there from a web search, see if there are any diamonds in the rough, and carry on. Sometimes, this will momentarily spark my interest in Reddit and I'll check out /r/all or the front page, but it seems to be mostly bot content these days, with the discussion on each post being focused on how the content is a repost/bot/AI/fake. The narrow technical subreddits seem to be the same as they always were, but from an outsider's perspective, the broader site doesn't seem in a particularly healthy state.","I've always just used Reddit as a place to find user suggestions for technical problems. Sometimes, these suggestions are even correct or useful. The best part of the site is that it's accessible without needing an account at all. Unlike most social media sites, it doesn't lock content behind a login, so I just land there from a web search, see if there are any diamonds in the rough, and carry on. Sometimes, this will momentarily spark my interest in Reddit and I'll check out /r/all or the front page, but it seems to be mostly bot content these days, with the discussion on each post being focused on how the content is a repost/bot/AI/fake. The narrow technical subreddits seem to be the same as they always were, but from an outsider's perspective, the broader site doesn't seem in a particularly healthy state.",143,819,i've always just used reddit as a place to find user suggestions for technical problems sometimes these suggestions are even correct or useful the best part of the site is that it's accessible without needing an account at all unlike most social media sites it doesn't lock content behind a login so i just land there from a web search see if there are any diamonds in the rough and carry on sometimes this will momentarily spark my interest in reddit and i'll check out r all or the front page but it seems to be mostly bot content these days with the discussion on each post being focused on how the content is a repost bot ai fake the narrow technical subreddits seem to be the same as they always were but from an outsider's perspective the broader site doesn't seem in a particularly healthy state,Positive,0.6994,0.087,0.038,0.875,"['Privacy & Data Concerns', 'Bot Detection & Spam', 'Anonymity & User Freedom', 'Trust & Reddit', 'Convenience & User Experience']",True,,Negative,0.5067174820299197,0.5067174820299197,0.31694580727283134,0.17633671069724888
post-44331744,,2026-03-25,"poltroon said: Seems likely that bots can provide images or video of plausible irises. Click to expand... Yes, but the serial number ""N6FAB21416"" printed on the bottom left might be a bit of a give-away.",Ars OpenForum,,https://arstechnica.com/civis/threads/reddit-will-require-fishy-accounts-to-verify-they-are-run-by-a-human.1512275/,unverified,"poltroon said: Seems likely that bots can provide images or video of plausible irises. Click to expand... Yes, but the serial number ""N6FAB21416"" printed on the bottom left might be a bit of a give-away.","poltroon said: Seems likely that bots can provide images or video of plausible irises. Click to expand... Yes, but the serial number ""N6FAB21416"" printed on the bottom left might be a bit of a give-away.",35,203,poltroon said seems likely that bots can provide images or video of plausible irises click to expand yes but the serial number n6fab21416 printed on the bottom left might be a bit of a give away,Positive,0.4497,0.13,0.0,0.87,"['Privacy & Data Concerns', 'Bot Detection & Spam']",False,,Neutral,0.5432032607330576,0.31889079077900984,0.5432032607330576,0.13790594848793258
post-44331756,,2026-03-25,"AI sucks but there's also just astroturfing too. As a sidenite, I generally don't like reddit so only go on when I am really bored, but recently it feels like it's just Facebook feed with bad boomer humor and a number posts that just feel fake? It's never been particularly good in terms of the front page content but it's bad enough now where I don't even use it to kill 5 minutes anymore",Ars OpenForum,,https://arstechnica.com/civis/threads/reddit-will-require-fishy-accounts-to-verify-they-are-run-by-a-human.1512275/,unverified,"AI sucks but there's also just astroturfing too. As a sidenite, I generally don't like reddit so only go on when I am really bored, but recently it feels like it's just Facebook feed with bad boomer humor and a number posts that just feel fake? It's never been particularly good in terms of the front page content but it's bad enough now where I don't even use it to kill 5 minutes anymore","AI sucks but there's also just astroturfing too. As a sidenite, I generally don't like reddit so only go on when I am really bored, but recently it feels like it's just Facebook feed with bad boomer humor and a number posts that just feel fake? It's never been particularly good in terms of the front page content but it's bad enough now where I don't even use it to kill 5 minutes anymore",74,389,ai sucks but there's also just astroturfing too as a sidenite i generally don't like reddit so only go on when i am really bored but recently it feels like it's just facebook feed with bad boomer humor and a number posts that just feel fake it's never been particularly good in terms of the front page content but it's bad enough now where i don't even use it to kill 5 minutes anymore,Negative,-0.9794,0.072,0.307,0.621,"['Privacy & Data Concerns', 'Trust & Reddit', 'Convenience & User Experience']",True,,Negative,0.8861926188749071,0.8861926188749071,0.06496768952554909,0.04883969159954381
post-44331867,,2026-03-25,What does the Constitution say about an AI President?,Ars OpenForum,,https://arstechnica.com/civis/threads/reddit-will-require-fishy-accounts-to-verify-they-are-run-by-a-human.1512275/,unverified,What does the Constitution say about an AI President?,What does the Constitution say about an AI President?,9,53,what does the constitution say about an ai president,Neutral,0.0,0.0,0.0,1.0,['Privacy & Data Concerns'],False,,Negative,0.49331278626411523,0.49331278626411523,0.2648580881667893,0.2418291255690955
post-44331878,,2026-03-25,"badboybubby said: yeah i wonder if this will be used to quieten anti govt accounts rather than actual bots. bit like meta at the moment, the only thing ive seen them remove is a post about trump, vile far right comments are left up without issue. awful that i even think this, im not a conspiracy theory nut. Click to expand... Oh it will absolutely be used to tailor speech (more than they already are). There are entire topics that will get your posts deleted or your account banned today . Wrongspeak is not being tolerated and users are falling in line or falling off the platform.",Ars OpenForum,,https://arstechnica.com/civis/threads/reddit-will-require-fishy-accounts-to-verify-they-are-run-by-a-human.1512275/,unverified,"badboybubby said: yeah i wonder if this will be used to quieten anti govt accounts rather than actual bots. bit like meta at the moment, the only thing ive seen them remove is a post about trump, vile far right comments are left up without issue. awful that i even think this, im not a conspiracy theory nut. Click to expand... Oh it will absolutely be used to tailor speech (more than they already are). There are entire topics that will get your posts deleted or your account banned today . Wrongspeak is not being tolerated and users are falling in line or falling off the platform.","badboybubby said: yeah i wonder if this will be used to quieten anti govt accounts rather than actual bots. bit like meta at the moment, the only thing ive seen them remove is a post about trump, vile far right comments are left up without issue. awful that i even think this, im not a conspiracy theory nut. Click to expand... Oh it will absolutely be used to tailor speech (more than they already are). There are entire topics that will get your posts deleted or your account banned today . Wrongspeak is not being tolerated and users are falling in line or falling off the platform.",107,585,badboybubby said yeah i wonder if this will be used to quieten anti govt accounts rather than actual bots bit like meta at the moment the only thing ive seen them remove is a post about trump vile far right comments are left up without issue awful that i even think this im not a conspiracy theory nut click to expand oh it will absolutely be used to tailor speech more than they already are there are entire topics that will get your posts deleted or your account banned today wrongspeak is not being tolerated and users are falling in line or falling off the platform,Negative,-0.0885,0.101,0.104,0.794,"['Privacy & Data Concerns', 'Bot Detection & Spam', 'Anonymity & User Freedom', 'Convenience & User Experience']",False,,Negative,0.7706023304467704,0.7706023304467704,0.16664690375696475,0.06275076579626489
post-44331895,,2026-03-25,quackmeister said: deleted Click to expand...,Ars OpenForum,,https://arstechnica.com/civis/threads/reddit-will-require-fishy-accounts-to-verify-they-are-run-by-a-human.1512275/,unverified,quackmeister said: deleted Click to expand...,quackmeister said: deleted Click to expand...,6,45,quackmeister said deleted click to expand,Positive,0.3182,0.315,0.0,0.685,['Privacy & Data Concerns'],False,,Neutral,0.502533247168533,0.3411221725795635,0.502533247168533,0.15634458025190354
post-44331948,,2026-03-25,"""No bots here, it's just us humans. Oh, please pass the 10w40; I'm mighty thirsty.""",Ars OpenForum,,https://arstechnica.com/civis/threads/reddit-will-require-fishy-accounts-to-verify-they-are-run-by-a-human.1512275/,unverified,"""No bots here, it's just us humans. Oh, please pass the 10w40; I'm mighty thirsty.""","""No bots here, it's just us humans. Oh, please pass the 10w40; I'm mighty thirsty.""",15,83,no bots here it's just us humans oh please pass the 10w40 i'm mighty thirsty,Neutral,0.0258,0.131,0.126,0.743,['Bot Detection & Spam'],False,,Negative,0.5069066755264663,0.5069066755264663,0.27339652723763885,0.21969679723589486
post-44331960,,2026-03-25,"“As AI becomes a bigger part of the Internet, we want to make sure that when you’re on Reddit, you know when you’re talking to a person and when you’re not,” Huffman said. Click to expand... Lol. That site is wall to wall astroturf and has been for years at this point. Watching the switch get flipped when Gavin Newsom decided he was running for president last summer was quite a sight.",Ars OpenForum,,https://arstechnica.com/civis/threads/reddit-will-require-fishy-accounts-to-verify-they-are-run-by-a-human.1512275/,unverified,"“As AI becomes a bigger part of the Internet, we want to make sure that when you’re on Reddit, you know when you’re talking to a person and when you’re not,” Huffman said. Click to expand... Lol. That site is wall to wall astroturf and has been for years at this point. Watching the switch get flipped when Gavin Newsom decided he was running for president last summer was quite a sight.","“As AI becomes a bigger part of the Internet, we want to make sure that when you’re on Reddit, you know when you’re talking to a person and when you’re not,” Huffman said. Click to expand... Lol. That site is wall to wall astroturf and has been for years at this point. Watching the switch get flipped when Gavin Newsom decided he was running for president last summer was quite a sight.",72,387,as ai becomes a bigger part of the internet we want to make sure that when you re on reddit you know when you re talking to a person and when you re not huffman said click to expand lol that site is wall to wall astroturf and has been for years at this point watching the switch get flipped when gavin newsom decided he was running for president last summer was quite a sight,Positive,0.7717,0.109,0.0,0.891,"['Privacy & Data Concerns', 'Trust & Reddit']",False,,Negative,0.4363270796637388,0.4363270796637388,0.39090245811099605,0.17277046222526507
post-44332124,,2026-03-25,"KrookedRooster said: Gotta say I missed picking out Traffic Lights or Bicycles or Crosswalks or Buses or Motorcycles but we were doing that to train the AI to do exactly that so.... we done played ourselves. Click to expand... ""Click on all the places humans would hide during the Robot Uprising.""",Ars OpenForum,,https://arstechnica.com/civis/threads/reddit-will-require-fishy-accounts-to-verify-they-are-run-by-a-human.1512275/,unverified,"KrookedRooster said: Gotta say I missed picking out Traffic Lights or Bicycles or Crosswalks or Buses or Motorcycles but we were doing that to train the AI to do exactly that so.... we done played ourselves. Click to expand... ""Click on all the places humans would hide during the Robot Uprising.""","KrookedRooster said: Gotta say I missed picking out Traffic Lights or Bicycles or Crosswalks or Buses or Motorcycles but we were doing that to train the AI to do exactly that so.... we done played ourselves. Click to expand... ""Click on all the places humans would hide during the Robot Uprising.""",51,297,krookedrooster said gotta say i missed picking out traffic lights or bicycles or crosswalks or buses or motorcycles but we were doing that to train the ai to do exactly that so we done played ourselves click to expand click on all the places humans would hide during the robot uprising,Positive,0.5853,0.113,0.064,0.823,"['Privacy & Data Concerns', 'Bot Detection & Spam', 'Convenience & User Experience']",False,,Neutral,0.39458584045575,0.36281018470635773,0.39458584045575,0.24260397483789234
post-44332132,,2026-03-25,"Random John Smith Guy said: Not surprising given the recent issues with /all that showed a complete disconnect from... well, anything human. Botting has been an issue for years; I think the 2020 election season and then the arrival of genai in 22/23 really switched it into high gear. You can observe it even on small subreddits when upvote counts will mysteriously surge into the hundreds when you know there's a couple dozen people there tops. The upvote issue, which mods can't really do shit about, is probably the most significant one that needs addressing (and conversely the downvote issue). You'll also see all sorts of shit like a surge in thread responses days after the thread's gone inactive (along with wild swings in votes), and even straight up incompetence--the r/army mods have seen posts that are just written in Russian (mostly of the unoriginal ""your wives are getting fucked by other men"" type) and they forgot to translate them. There's probably much easier ways to spot them than just using AI though. Like filtering all users who list a snapchat or telegram anywhere on their accounts, for instance. Click to expand... Part of the reason for surges in activity in an older thread is that default sorting is set to “Best” for a lot of subreddits.  This pushes sometimes weeks old content to the “top” of what some users see.  If it were genuinely impossible for bots to interact with Reddit this would be maddening enough, of course. I’ve definitely observed way too many questionable comments that seem to fundamentally misunderstand the context of the subreddit, the post, and what I would perceive as the shared knowledge base of a subreddit’s users.  But this isn’t exclusive to Reddit.  It’s happening on every forum across the Internet, including Ars.",Ars OpenForum,,https://arstechnica.com/civis/threads/reddit-will-require-fishy-accounts-to-verify-they-are-run-by-a-human.1512275/,unverified,"Random John Smith Guy said: Not surprising given the recent issues with /all that showed a complete disconnect from... well, anything human. Botting has been an issue for years; I think the 2020 election season and then the arrival of genai in 22/23 really switched it into high gear. You can observe it even on small subreddits when upvote counts will mysteriously surge into the hundreds when you know there's a couple dozen people there tops. The upvote issue, which mods can't really do shit about, is probably the most significant one that needs addressing (and conversely the downvote issue). You'll also see all sorts of shit like a surge in thread responses days after the thread's gone inactive (along with wild swings in votes), and even straight up incompetence--the r/army mods have seen posts that are just written in Russian (mostly of the unoriginal ""your wives are getting fucked by other men"" type) and they forgot to translate them. There's probably much easier ways to spot them than just using AI though. Like filtering all users who list a snapchat or telegram anywhere on their accounts, for instance. Click to expand... Part of the reason for surges in activity in an older thread is that default sorting is set to “Best” for a lot of subreddits.  This pushes sometimes weeks old content to the “top” of what some users see.  If it were genuinely impossible for bots to interact with Reddit this would be maddening enough, of course. I’ve definitely observed way too many questionable comments that seem to fundamentally misunderstand the context of the subreddit, the post, and what I would perceive as the shared knowledge base of a subreddit’s users.  But this isn’t exclusive to Reddit.  It’s happening on every forum across the Internet, including Ars.","Random John Smith Guy said: Not surprising given the recent issues with /all that showed a complete disconnect from... well, anything human. Botting has been an issue for years; I think the 2020 election season and then the arrival of genai in 22/23 really switched it into high gear. You can observe it even on small subreddits when upvote counts will mysteriously surge into the hundreds when you know there's a couple dozen people there tops. The upvote issue, which mods can't really do shit about, is probably the most significant one that needs addressing (and conversely the downvote issue). You'll also see all sorts of shit like a surge in thread responses days after the thread's gone inactive (along with wild swings in votes), and even straight up incompetence--the r/army mods have seen posts that are just written in Russian (mostly of the unoriginal ""your wives are getting fucked by other men"" type) and they forgot to translate them. There's probably much easier ways to spot them than just using AI though. Like filtering all users who list a snapchat or telegram anywhere on their accounts, for instance. Click to expand... Part of the reason for surges in activity in an older thread is that default sorting is set to “Best” for a lot of subreddits. This pushes sometimes weeks old content to the “top” of what some users see. If it were genuinely impossible for bots to interact with Reddit this would be maddening enough, of course. I’ve definitely observed way too many questionable comments that seem to fundamentally misunderstand the context of the subreddit, the post, and what I would perceive as the shared knowledge base of a subreddit’s users. But this isn’t exclusive to Reddit. It’s happening on every forum across the Internet, including Ars.",299,1776,random john smith guy said not surprising given the recent issues with all that showed a complete disconnect from well anything human botting has been an issue for years i think the 2020 election season and then the arrival of genai in 22 23 really switched it into high gear you can observe it even on small subreddits when upvote counts will mysteriously surge into the hundreds when you know there's a couple dozen people there tops the upvote issue which mods can't really do shit about is probably the most significant one that needs addressing and conversely the downvote issue you'll also see all sorts of shit like a surge in thread responses days after the thread's gone inactive along with wild swings in votes and even straight up incompetence the r army mods have seen posts that are just written in russian mostly of the unoriginal your wives are getting fucked by other men type and they forgot to translate them there's probably much easier ways to spot them than just using ai though like filtering all users who list a snapchat or telegram anywhere on their accounts for instance click to expand part of the reason for surges in activity in an older thread is that default sorting is set to best for a lot of subreddits this pushes sometimes weeks old content to the top of what some users see if it were genuinely impossible for bots to interact with reddit this would be maddening enough of course i ve definitely observed way too many questionable comments that seem to fundamentally misunderstand the context of the subreddit the post and what i would perceive as the shared knowledge base of a subreddit s users but this isn t exclusive to reddit it s happening on every forum across the internet including ars,Positive,0.7273,0.077,0.043,0.879,"['Privacy & Data Concerns', 'Bot Detection & Spam', 'Anonymity & User Freedom', 'Trust & Reddit', 'Convenience & User Experience']",False,,Negative,0.6652567099339328,0.6652567099339328,0.203557807785375,0.1311854822806922
post-44332186,,2026-03-25,I’d rather just use community forums. Reddit considered me logging in with my iCloud account as “fishy” and shadowbanned me. Then as per usual completely ignoring my appeal requests. Over multiple weeks. Eventually found an old Google login worked.,Ars OpenForum,,https://arstechnica.com/civis/threads/reddit-will-require-fishy-accounts-to-verify-they-are-run-by-a-human.1512275/,unverified,I’d rather just use community forums. Reddit considered me logging in with my iCloud account as “fishy” and shadowbanned me. Then as per usual completely ignoring my appeal requests. Over multiple weeks. Eventually found an old Google login worked.,I’d rather just use community forums. Reddit considered me logging in with my iCloud account as “fishy” and shadowbanned me. Then as per usual completely ignoring my appeal requests. Over multiple weeks. Eventually found an old Google login worked.,39,248,i d rather just use community forums reddit considered me logging in with my icloud account as fishy and shadowbanned me then as per usual completely ignoring my appeal requests over multiple weeks eventually found an old google login worked,Negative,-0.4576,0.0,0.071,0.929,"['Privacy & Data Concerns', 'Anonymity & User Freedom', 'Trust & Reddit', 'Convenience & User Experience']",False,,Negative,0.46258599906018016,0.46258599906018016,0.23416269393414998,0.30325130700566993
post-44332224,,2026-03-25,There are tools out there that use AI to help tweak posts how are they going to deal with that.... Sounds stupid lol,Ars OpenForum,,https://arstechnica.com/civis/threads/reddit-will-require-fishy-accounts-to-verify-they-are-run-by-a-human.1512275/,unverified,There are tools out there that use AI to help tweak posts how are they going to deal with that.... Sounds stupid lol,There are tools out there that use AI to help tweak posts how are they going to deal with that.... Sounds stupid lol,23,116,there are tools out there that use ai to help tweak posts how are they going to deal with that sounds stupid lol,Positive,0.2732,0.19,0.118,0.692,"['Privacy & Data Concerns', 'Convenience & User Experience']",True,,Neutral,0.47926684830515537,0.4219632825360769,0.47926684830515537,0.0987698691587677
post-44332251,,2026-03-25,"Flailsafe said: Digg is still around. Huh. Click to expand... It's not. Wikipedia said: The open beta launched to the public on January 14, 2026 but was shut down two months later, on March 14, 2026 , with Digg CEO Justin Mezzell citing the ""brutal reality of finding product-market fit in an environment that has fundamentally changed"" and an ""unprecedented bot problem."" Click to expand...",Ars OpenForum,,https://arstechnica.com/civis/threads/reddit-will-require-fishy-accounts-to-verify-they-are-run-by-a-human.1512275/,unverified,"Flailsafe said: Digg is still around. Huh. Click to expand... It's not. Wikipedia said: The open beta launched to the public on January 14, 2026 but was shut down two months later, on March 14, 2026 , with Digg CEO Justin Mezzell citing the ""brutal reality of finding product-market fit in an environment that has fundamentally changed"" and an ""unprecedented bot problem."" Click to expand...","Flailsafe said: Digg is still around. Huh. Click to expand... It's not. Wikipedia said: The open beta launched to the public on January 14, 2026 but was shut down two months later, on March 14, 2026 , with Digg CEO Justin Mezzell citing the ""brutal reality of finding product-market fit in an environment that has fundamentally changed"" and an ""unprecedented bot problem."" Click to expand...",65,391,flailsafe said digg is still around huh click to expand it's not wikipedia said the open beta launched to the public on january 14 2026 but was shut down two months later on march 14 2026 with digg ceo justin mezzell citing the brutal reality of finding product market fit in an environment that has fundamentally changed and an unprecedented bot problem click to expand,Negative,-0.4767,0.118,0.119,0.763,"['Privacy & Data Concerns', 'Bot Detection & Spam']",False,,Neutral,0.6179170171855766,0.23691465405457823,0.6179170171855766,0.14516832875984528
post-44332258,,2026-03-25,"McTurkey said: Part of the reason for surges in activity in an older thread is that default sorting is set to “Best” for a lot of subreddits.  This pushes sometimes weeks old content to the “top” of what some users see.  If it were genuinely impossible for bots to interact with Reddit this would be maddening enough, of course. Click to expand... I hate how it doesn't keep the sort order you pick.  I bet there's an extension or userscript for that.  Maybe this ?",Ars OpenForum,,https://arstechnica.com/civis/threads/reddit-will-require-fishy-accounts-to-verify-they-are-run-by-a-human.1512275/,unverified,"McTurkey said: Part of the reason for surges in activity in an older thread is that default sorting is set to “Best” for a lot of subreddits.  This pushes sometimes weeks old content to the “top” of what some users see.  If it were genuinely impossible for bots to interact with Reddit this would be maddening enough, of course. Click to expand... I hate how it doesn't keep the sort order you pick.  I bet there's an extension or userscript for that.  Maybe this ?","McTurkey said: Part of the reason for surges in activity in an older thread is that default sorting is set to “Best” for a lot of subreddits. This pushes sometimes weeks old content to the “top” of what some users see. If it were genuinely impossible for bots to interact with Reddit this would be maddening enough, of course. Click to expand... I hate how it doesn't keep the sort order you pick. I bet there's an extension or userscript for that. Maybe this ?",85,461,mcturkey said part of the reason for surges in activity in an older thread is that default sorting is set to best for a lot of subreddits this pushes sometimes weeks old content to the top of what some users see if it were genuinely impossible for bots to interact with reddit this would be maddening enough of course click to expand i hate how it doesn't keep the sort order you pick i bet there's an extension or userscript for that maybe this,Positive,0.1027,0.088,0.073,0.839,"['Privacy & Data Concerns', 'Bot Detection & Spam', 'Trust & Reddit', 'Convenience & User Experience']",False,,Neutral,0.43284411841904746,0.3153672876301238,0.43284411841904746,0.2517885939508288
post-44332328,,2026-03-25,LordInternet said: I’d rather just use community forums. Reddit considered me logging in with my iCloud account as “fishy” and shadowbanned me. Then as per usual completely ignoring my appeal requests. Over multiple weeks. Eventually found an old Google login worked. Click to expand... I just really like the old reddit style threaded comments format along with their old main layout style of a list of post titles with a picture to the left. It just felt so compact and information dense. But I was never a big fan of mobile reddit and that style works a lot better on a monitor than a phablet.,Ars OpenForum,,https://arstechnica.com/civis/threads/reddit-will-require-fishy-accounts-to-verify-they-are-run-by-a-human.1512275/,unverified,LordInternet said: I’d rather just use community forums. Reddit considered me logging in with my iCloud account as “fishy” and shadowbanned me. Then as per usual completely ignoring my appeal requests. Over multiple weeks. Eventually found an old Google login worked. Click to expand... I just really like the old reddit style threaded comments format along with their old main layout style of a list of post titles with a picture to the left. It just felt so compact and information dense. But I was never a big fan of mobile reddit and that style works a lot better on a monitor than a phablet.,LordInternet said: I’d rather just use community forums. Reddit considered me logging in with my iCloud account as “fishy” and shadowbanned me. Then as per usual completely ignoring my appeal requests. Over multiple weeks. Eventually found an old Google login worked. Click to expand... I just really like the old reddit style threaded comments format along with their old main layout style of a list of post titles with a picture to the left. It just felt so compact and information dense. But I was never a big fan of mobile reddit and that style works a lot better on a monitor than a phablet.,105,596,lordinternet said i d rather just use community forums reddit considered me logging in with my icloud account as fishy and shadowbanned me then as per usual completely ignoring my appeal requests over multiple weeks eventually found an old google login worked click to expand i just really like the old reddit style threaded comments format along with their old main layout style of a list of post titles with a picture to the left it just felt so compact and information dense but i was never a big fan of mobile reddit and that style works a lot better on a monitor than a phablet,Positive,0.451,0.066,0.039,0.895,"['Privacy & Data Concerns', 'Anonymity & User Freedom', 'Trust & Reddit', 'Convenience & User Experience']",True,,Negative,0.4687897542928527,0.4687897542928527,0.20895427100412142,0.3222559747030258
post-44332350,,2026-03-25,"I see a lot of comments from people complaining about having to prove they’re not a bot, but no one has yet provided any better ideas. So, how would you distinguish bots from real humans if you owned Reddit? I’m genuinely curious to hear what other solutions exist.",Ars OpenForum,,https://arstechnica.com/civis/threads/reddit-will-require-fishy-accounts-to-verify-they-are-run-by-a-human.1512275/,unverified,"I see a lot of comments from people complaining about having to prove they’re not a bot, but no one has yet provided any better ideas. So, how would you distinguish bots from real humans if you owned Reddit? I’m genuinely curious to hear what other solutions exist.","I see a lot of comments from people complaining about having to prove they’re not a bot, but no one has yet provided any better ideas. So, how would you distinguish bots from real humans if you owned Reddit? I’m genuinely curious to hear what other solutions exist.",48,265,i see a lot of comments from people complaining about having to prove they re not a bot but no one has yet provided any better ideas so how would you distinguish bots from real humans if you owned reddit i m genuinely curious to hear what other solutions exist,Positive,0.6858,0.152,0.072,0.775,"['Privacy & Data Concerns', 'Bot Detection & Spam', 'Trust & Reddit']",False,,Negative,0.6372707726111274,0.6372707726111274,0.16251877156862318,0.2002104558202495
post-44332383,,2026-03-25,cleek said: yeah sure. people are going to scan their retinas just to use Reddit . gtfo Click to expand... They will.,Ars OpenForum,,https://arstechnica.com/civis/threads/reddit-will-require-fishy-accounts-to-verify-they-are-run-by-a-human.1512275/page-2,unverified,cleek said: yeah sure. people are going to scan their retinas just to use Reddit . gtfo Click to expand... They will.,cleek said: yeah sure. people are going to scan their retinas just to use Reddit . gtfo Click to expand... They will.,22,117,cleek said yeah sure people are going to scan their retinas just to use reddit gtfo click to expand they will,Positive,0.7003,0.274,0.0,0.726,"['Privacy & Data Concerns', 'Trust & Reddit', 'Convenience & User Experience']",True,,Negative,0.47962879895424004,0.47962879895424004,0.38266047482015253,0.1377107262256075
post-44332400,,2026-03-25,"The fact that r/ChatGPT and related have human users using AI's pattern as a meme, at scale, doesn't make it easier, I guess! It's full of humans responding with ""You're not crazy"" (GPT-5) and ""Few people would ever have this smart idea"" (multiple, also GPT-5) - and they're often highly upvoted ""human clankers"".",Ars OpenForum,,https://arstechnica.com/civis/threads/reddit-will-require-fishy-accounts-to-verify-they-are-run-by-a-human.1512275/page-2,unverified,"The fact that r/ChatGPT and related have human users using AI's pattern as a meme, at scale, doesn't make it easier, I guess! It's full of humans responding with ""You're not crazy"" (GPT-5) and ""Few people would ever have this smart idea"" (multiple, also GPT-5) - and they're often highly upvoted ""human clankers"".","The fact that r/ChatGPT and related have human users using AI's pattern as a meme, at scale, doesn't make it easier, I guess! It's full of humans responding with ""You're not crazy"" (GPT-5) and ""Few people would ever have this smart idea"" (multiple, also GPT-5) - and they're often highly upvoted ""human clankers"".",53,313,the fact that r chatgpt and related have human users using ai's pattern as a meme at scale doesn't make it easier i guess it's full of humans responding with you're not crazy gpt 5 and few people would ever have this smart idea multiple also gpt 5 and they're often highly upvoted human clankers,Positive,0.427,0.087,0.039,0.874,"['Privacy & Data Concerns', 'Convenience & User Experience']",False,,Negative,0.5593785561111725,0.5593785561111725,0.14465495465287828,0.2959664892359492
post-44332421,,2026-03-25,"What an absolute shame... so those ""totally authentic accounts"" posting hundreds of times a day across dozens of subs that totally aren't run by ideological moderators might get strangled.  Shame.",Ars OpenForum,,https://arstechnica.com/civis/threads/reddit-will-require-fishy-accounts-to-verify-they-are-run-by-a-human.1512275/page-2,unverified,"What an absolute shame... so those ""totally authentic accounts"" posting hundreds of times a day across dozens of subs that totally aren't run by ideological moderators might get strangled.  Shame.","What an absolute shame... so those ""totally authentic accounts"" posting hundreds of times a day across dozens of subs that totally aren't run by ideological moderators might get strangled. Shame.",30,195,what an absolute shame so those totally authentic accounts posting hundreds of times a day across dozens of subs that totally aren't run by ideological moderators might get strangled shame,Negative,-0.8658,0.0,0.264,0.736,"['Privacy & Data Concerns', 'Anonymity & User Freedom']",False,,Negative,0.5562706158958259,0.5562706158958259,0.21483003550312527,0.2288993486010487
post-44332460,,2026-03-25,"Aren't most Reddit accounts ""fishy""?",Ars OpenForum,,https://arstechnica.com/civis/threads/reddit-will-require-fishy-accounts-to-verify-they-are-run-by-a-human.1512275/page-2,unverified,"Aren't most Reddit accounts ""fishy""?","Aren't most Reddit accounts ""fishy""?",5,36,aren't most reddit accounts fishy,Neutral,0.0,0.0,0.0,1.0,"['Anonymity & User Freedom', 'Trust & Reddit']",False,,Negative,0.48962148994056354,0.48962148994056354,0.11332310658268067,0.3970554034767558
post-44332495,,2026-03-25,"Griking said: Let me guess, ""fishy"" will mean anything that leans Conservative. Click to expand... quackmeister said: Guessing has nothing to do with it – more like definitional. Click to expand... Right on!  It's so unfair!  Won't someone think of the kind, fair, patriotic, law-abiding, constitution-respecting, non-child raping, and even-handed conservatives?  The ones who would never cheer when their secret police hold down nurses in the street and shoot them in the face?  Why is everybody so mean to them? (/s) Trump would call Jesus a loser and a sucker by the way, refusing to take off his hat all the while.  And then he'd grab a (probably underage) pussy on the way out.",Ars OpenForum,,https://arstechnica.com/civis/threads/reddit-will-require-fishy-accounts-to-verify-they-are-run-by-a-human.1512275/page-2,unverified,"Griking said: Let me guess, ""fishy"" will mean anything that leans Conservative. Click to expand... quackmeister said: Guessing has nothing to do with it – more like definitional. Click to expand... Right on!  It's so unfair!  Won't someone think of the kind, fair, patriotic, law-abiding, constitution-respecting, non-child raping, and even-handed conservatives?  The ones who would never cheer when their secret police hold down nurses in the street and shoot them in the face?  Why is everybody so mean to them? (/s) Trump would call Jesus a loser and a sucker by the way, refusing to take off his hat all the while.  And then he'd grab a (probably underage) pussy on the way out.","Griking said: Let me guess, ""fishy"" will mean anything that leans Conservative. Click to expand... quackmeister said: Guessing has nothing to do with it – more like definitional. Click to expand... Right on! It's so unfair! Won't someone think of the kind, fair, patriotic, law-abiding, constitution-respecting, non-child raping, and even-handed conservatives? The ones who would never cheer when their secret police hold down nurses in the street and shoot them in the face? Why is everybody so mean to them? (/s) Trump would call Jesus a loser and a sucker by the way, refusing to take off his hat all the while. And then he'd grab a (probably underage) pussy on the way out.",114,677,griking said let me guess fishy will mean anything that leans conservative click to expand quackmeister said guessing has nothing to do with it more like definitional click to expand right on it's so unfair won't someone think of the kind fair patriotic law abiding constitution respecting non child raping and even handed conservatives the ones who would never cheer when their secret police hold down nurses in the street and shoot them in the face why is everybody so mean to them s trump would call jesus a loser and a sucker by the way refusing to take off his hat all the while and then he'd grab a probably underage pussy on the way out,Negative,-0.8442,0.113,0.163,0.724,['Privacy & Data Concerns'],True,,Negative,0.5679085607803562,0.5679085607803562,0.28156467989217016,0.15052675932747375
post-44332535,,2026-03-25,"Griking said: Let me guess, ""fishy"" will mean anything that leans Conservative. Click to expand... Ah, there's a subreddit for you, friend! It's called /r/persecutionfetish",Ars OpenForum,,https://arstechnica.com/civis/threads/reddit-will-require-fishy-accounts-to-verify-they-are-run-by-a-human.1512275/page-2,unverified,"Griking said: Let me guess, ""fishy"" will mean anything that leans Conservative. Click to expand... Ah, there's a subreddit for you, friend! It's called /r/persecutionfetish","Griking said: Let me guess, ""fishy"" will mean anything that leans Conservative. Click to expand... Ah, there's a subreddit for you, friend! It's called /r/persecutionfetish",25,172,griking said let me guess fishy will mean anything that leans conservative click to expand ah there's a subreddit for you friend it's called r persecutionfetish,Positive,0.6705,0.186,0.0,0.814,"['Privacy & Data Concerns', 'Trust & Reddit']",False,,Neutral,0.4286586922378277,0.28990429950670604,0.4286586922378277,0.28143700825546636
post-44332553,,2026-03-25,"nanite2000 said: I see a lot of comments from people complaining about having to prove they’re not a bot, but no one has yet provided any better ideas. So, how would you distinguish bots from real humans if you owned Reddit? I’m genuinely curious to hear what other solutions exist. Click to expand... Counter question: how does me letting Reddit scan my iris prove that the contents of my account is not handled by an agentic AI? I'd do nothing than the login part. Everything else would still be the same AI slop.",Ars OpenForum,,https://arstechnica.com/civis/threads/reddit-will-require-fishy-accounts-to-verify-they-are-run-by-a-human.1512275/page-2,unverified,"nanite2000 said: I see a lot of comments from people complaining about having to prove they’re not a bot, but no one has yet provided any better ideas. So, how would you distinguish bots from real humans if you owned Reddit? I’m genuinely curious to hear what other solutions exist. Click to expand... Counter question: how does me letting Reddit scan my iris prove that the contents of my account is not handled by an agentic AI? I'd do nothing than the login part. Everything else would still be the same AI slop.","nanite2000 said: I see a lot of comments from people complaining about having to prove they’re not a bot, but no one has yet provided any better ideas. So, how would you distinguish bots from real humans if you owned Reddit? I’m genuinely curious to hear what other solutions exist. Click to expand... Counter question: how does me letting Reddit scan my iris prove that the contents of my account is not handled by an agentic AI? I'd do nothing than the login part. Everything else would still be the same AI slop.",93,515,nanite2000 said i see a lot of comments from people complaining about having to prove they re not a bot but no one has yet provided any better ideas so how would you distinguish bots from real humans if you owned reddit i m genuinely curious to hear what other solutions exist click to expand counter question how does me letting reddit scan my iris prove that the contents of my account is not handled by an agentic ai i'd do nothing than the login part everything else would still be the same ai slop,Positive,0.8225,0.112,0.04,0.848,"['Privacy & Data Concerns', 'Bot Detection & Spam', 'Anonymity & User Freedom', 'Trust & Reddit']",True,,Negative,0.7799554144700259,0.7799554144700259,0.10305516818467433,0.11698941734529952
post-44332582,,2026-03-25,"Hagen Stein said: Counter question: how does me letting Reddit scan my iris prove that the contents of my account is not handled by an agentic AI? I'd do nothing than the login part. Everything else would still be the same AI slop. Click to expand... If you're posting much AI slop you'll probably be banned relatively quickly by human moderators even if you provide an iris scan.  I think the goal here is to prevent bot farms from running thousands of agents in parallel that scrap training data or spam. Not sure about reddit, but I was talking to a friend who runs a niche wiki that documents old equipment, and he is getting absolutely hammered by 100x more bots each day than users, and a lot of them appear to be PCs with malware installed that scraps AI training data.  I suspect this is what Reddit wants to deal with rather than a random user engaging with some subreddit via agentic AI.",Ars OpenForum,,https://arstechnica.com/civis/threads/reddit-will-require-fishy-accounts-to-verify-they-are-run-by-a-human.1512275/page-2,unverified,"Hagen Stein said: Counter question: how does me letting Reddit scan my iris prove that the contents of my account is not handled by an agentic AI? I'd do nothing than the login part. Everything else would still be the same AI slop. Click to expand... If you're posting much AI slop you'll probably be banned relatively quickly by human moderators even if you provide an iris scan.  I think the goal here is to prevent bot farms from running thousands of agents in parallel that scrap training data or spam. Not sure about reddit, but I was talking to a friend who runs a niche wiki that documents old equipment, and he is getting absolutely hammered by 100x more bots each day than users, and a lot of them appear to be PCs with malware installed that scraps AI training data.  I suspect this is what Reddit wants to deal with rather than a random user engaging with some subreddit via agentic AI.","Hagen Stein said: Counter question: how does me letting Reddit scan my iris prove that the contents of my account is not handled by an agentic AI? I'd do nothing than the login part. Everything else would still be the same AI slop. Click to expand... If you're posting much AI slop you'll probably be banned relatively quickly by human moderators even if you provide an iris scan. I think the goal here is to prevent bot farms from running thousands of agents in parallel that scrap training data or spam. Not sure about reddit, but I was talking to a friend who runs a niche wiki that documents old equipment, and he is getting absolutely hammered by 100x more bots each day than users, and a lot of them appear to be PCs with malware installed that scraps AI training data. I suspect this is what Reddit wants to deal with rather than a random user engaging with some subreddit via agentic AI.",164,895,hagen stein said counter question how does me letting reddit scan my iris prove that the contents of my account is not handled by an agentic ai i'd do nothing than the login part everything else would still be the same ai slop click to expand if you're posting much ai slop you'll probably be banned relatively quickly by human moderators even if you provide an iris scan i think the goal here is to prevent bot farms from running thousands of agents in parallel that scrap training data or spam not sure about reddit but i was talking to a friend who runs a niche wiki that documents old equipment and he is getting absolutely hammered by 100x more bots each day than users and a lot of them appear to be pcs with malware installed that scraps ai training data i suspect this is what reddit wants to deal with rather than a random user engaging with some subreddit via agentic ai,Positive,0.4712,0.058,0.046,0.896,"['Privacy & Data Concerns', 'Bot Detection & Spam', 'Anonymity & User Freedom', 'Trust & Reddit', 'Convenience & User Experience']",True,,Negative,0.6847631384973392,0.6847631384973392,0.1543437876415409,0.16089307386111998
post-44332592,,2026-03-25,"Zapitron said: This will stand as a crucial and profound reminder that we must all endeavor to showcase not just our humanity—but also our not-robotity—in our writing, speech, and other patterns. Click to expand... haha well played.",Ars OpenForum,,https://arstechnica.com/civis/threads/reddit-will-require-fishy-accounts-to-verify-they-are-run-by-a-human.1512275/page-2,unverified,"Zapitron said: This will stand as a crucial and profound reminder that we must all endeavor to showcase not just our humanity—but also our not-robotity—in our writing, speech, and other patterns. Click to expand... haha well played.","Zapitron said: This will stand as a crucial and profound reminder that we must all endeavor to showcase not just our humanity—but also our not-robotity—in our writing, speech, and other patterns. Click to expand... haha well played.",37,232,zapitron said this will stand as a crucial and profound reminder that we must all endeavor to showcase not just our humanity but also our not robotity in our writing speech and other patterns click to expand haha well played,Positive,0.9136,0.261,0.0,0.739,"['Privacy & Data Concerns', 'Bot Detection & Spam']",False,,Negative,0.542451286200647,0.542451286200647,0.2007096821915864,0.2568390316077666
post-44332620,,2026-03-25,"asihkaeun said: I quit browsing Reddit cold turkey when that happened. I suppose I still read posts that come up as search results if I'm hunting for something specific, but that's one a month or less. Click to expand... Back in the Good Ole Days of Reddit, I had like over 150K Karma, various awards of gold,  oh and thank you generous redditors, and other milestones. Then, some heavy-handed mod banned me. And so I deleted the account and came back. This time 200K karma, and same forum, same moderator, banned me. I think it was WorldNews and if you have ANY opinion there, do not post...even if you follow the rules. Again, delete, create new. Now, about 40K and I only posted to non-news, non political and then the news about ICE/DHS scraping reddit for political comments against current fascist regime aka brownshirt intimidation and censorship or worse, I deleted that account. So now, just a lurker with ad blocking.  Long Live Reddit because, its end is near.",Ars OpenForum,,https://arstechnica.com/civis/threads/reddit-will-require-fishy-accounts-to-verify-they-are-run-by-a-human.1512275/page-2,unverified,"asihkaeun said: I quit browsing Reddit cold turkey when that happened. I suppose I still read posts that come up as search results if I'm hunting for something specific, but that's one a month or less. Click to expand... Back in the Good Ole Days of Reddit, I had like over 150K Karma, various awards of gold,  oh and thank you generous redditors, and other milestones. Then, some heavy-handed mod banned me. And so I deleted the account and came back. This time 200K karma, and same forum, same moderator, banned me. I think it was WorldNews and if you have ANY opinion there, do not post...even if you follow the rules. Again, delete, create new. Now, about 40K and I only posted to non-news, non political and then the news about ICE/DHS scraping reddit for political comments against current fascist regime aka brownshirt intimidation and censorship or worse, I deleted that account. So now, just a lurker with ad blocking.  Long Live Reddit because, its end is near.","asihkaeun said: I quit browsing Reddit cold turkey when that happened. I suppose I still read posts that come up as search results if I'm hunting for something specific, but that's one a month or less. Click to expand... Back in the Good Ole Days of Reddit, I had like over 150K Karma, various awards of gold, oh and thank you generous redditors, and other milestones. Then, some heavy-handed mod banned me. And so I deleted the account and came back. This time 200K karma, and same forum, same moderator, banned me. I think it was WorldNews and if you have ANY opinion there, do not post...even if you follow the rules. Again, delete, create new. Now, about 40K and I only posted to non-news, non political and then the news about ICE/DHS scraping reddit for political comments against current fascist regime aka brownshirt intimidation and censorship or worse, I deleted that account. So now, just a lurker with ad blocking. Long Live Reddit because, its end is near.",169,969,asihkaeun said i quit browsing reddit cold turkey when that happened i suppose i still read posts that come up as search results if i'm hunting for something specific but that's one a month or less click to expand back in the good ole days of reddit i had like over 150k karma various awards of gold oh and thank you generous redditors and other milestones then some heavy handed mod banned me and so i deleted the account and came back this time 200k karma and same forum same moderator banned me i think it was worldnews and if you have any opinion there do not post even if you follow the rules again delete create new now about 40k and i only posted to non news non political and then the news about ice dhs scraping reddit for political comments against current fascist regime aka brownshirt intimidation and censorship or worse i deleted that account so now just a lurker with ad blocking long live reddit because its end is near,Negative,-0.2836,0.115,0.116,0.769,"['Privacy & Data Concerns', 'Anonymity & User Freedom', 'Trust & Reddit', 'Convenience & User Experience']",False,,Negative,0.45016087010313616,0.45016087010313616,0.35791372954301104,0.1919254003538529
post-44332626,,2026-03-25,"Reddit has historically done a bad job of banning karma farmers who copy/paste other people's posts or comments.  Now that AI can redraft those posts before pasting them, I have no confidence in their ability or willingness to address the issue at all.",Ars OpenForum,,https://arstechnica.com/civis/threads/reddit-will-require-fishy-accounts-to-verify-they-are-run-by-a-human.1512275/page-2,unverified,"Reddit has historically done a bad job of banning karma farmers who copy/paste other people's posts or comments.  Now that AI can redraft those posts before pasting them, I have no confidence in their ability or willingness to address the issue at all.","Reddit has historically done a bad job of banning karma farmers who copy/paste other people's posts or comments. Now that AI can redraft those posts before pasting them, I have no confidence in their ability or willingness to address the issue at all.",43,251,reddit has historically done a bad job of banning karma farmers who copy paste other people's posts or comments now that ai can redraft those posts before pasting them i have no confidence in their ability or willingness to address the issue at all,Negative,-0.4218,0.087,0.123,0.79,"['Privacy & Data Concerns', 'Trust & Reddit']",False,,Negative,0.67075585669477,0.67075585669477,0.2633258888075851,0.06591825449764482
post-44332673,,2026-03-25,"Cod3rror said: They will. Click to expand... dozens will, i'm sure.",Ars OpenForum,,https://arstechnica.com/civis/threads/reddit-will-require-fishy-accounts-to-verify-they-are-run-by-a-human.1512275/page-2,unverified,"Cod3rror said: They will. Click to expand... dozens will, i'm sure.","Cod3rror said: They will. Click to expand... dozens will, i'm sure.",11,67,cod3rror said they will click to expand dozens will i'm sure,Positive,0.5574,0.338,0.0,0.662,['Privacy & Data Concerns'],False,,Neutral,0.5007736176920419,0.3428974849950853,0.5007736176920419,0.15632889731287278
post-44332711,,2026-03-25,"Zapitron said: This will stand as a crucial and profound reminder that we must all endeavor to showcase not just our humanity—but also our not-robotity—in our writing, speech, and other patterns. Click to expand... I know a high-function autistic person who has their partner go through their college papers and humanize them because the way she writes gets flagged as AI by the plagiarism detecting software the school uses.",Ars OpenForum,,https://arstechnica.com/civis/threads/reddit-will-require-fishy-accounts-to-verify-they-are-run-by-a-human.1512275/page-2,unverified,"Zapitron said: This will stand as a crucial and profound reminder that we must all endeavor to showcase not just our humanity—but also our not-robotity—in our writing, speech, and other patterns. Click to expand... I know a high-function autistic person who has their partner go through their college papers and humanize them because the way she writes gets flagged as AI by the plagiarism detecting software the school uses.","Zapitron said: This will stand as a crucial and profound reminder that we must all endeavor to showcase not just our humanity—but also our not-robotity—in our writing, speech, and other patterns. Click to expand... I know a high-function autistic person who has their partner go through their college papers and humanize them because the way she writes gets flagged as AI by the plagiarism detecting software the school uses.",69,425,zapitron said this will stand as a crucial and profound reminder that we must all endeavor to showcase not just our humanity but also our not robotity in our writing speech and other patterns click to expand i know a high function autistic person who has their partner go through their college papers and humanize them because the way she writes gets flagged as ai by the plagiarism detecting software the school uses,Positive,0.4497,0.039,0.0,0.961,"['Privacy & Data Concerns', 'Bot Detection & Spam', 'Convenience & User Experience']",False,,Negative,0.5974417815673534,0.5974417815673534,0.2538226815170517,0.14873553691559502
post-44332796,,2026-03-25,I’ve seen Blade Runner. This is a hilarious concept.,Ars OpenForum,,https://arstechnica.com/civis/threads/reddit-will-require-fishy-accounts-to-verify-they-are-run-by-a-human.1512275/page-2,unverified,I’ve seen Blade Runner. This is a hilarious concept.,I’ve seen Blade Runner. This is a hilarious concept.,9,52,i ve seen blade runner this is a hilarious concept,Positive,0.4019,0.231,0.0,0.769,[],False,,Positive,0.5660401582838118,0.2833567666876813,0.15060307502850698,0.5660401582838118
post-44332890,,2026-03-25,"thrillgore said: Feeds human content to AI AI posts content to reddit Model collapse If Reddit asks for ID, I will leave. I am probably not alone on this. Click to expand... Hell, some subs are so badly over-run by fake AI accounts and slop, I basically walked away in 2024, before any of this happened. There is one sub which has some practical use to me, which did not seem as of last fall to be overrun (for reasons I can only guess at), so I may use it a few weeks a year in a limited fashion. But the second I get a whif of AI in that last sub, let alone some draconian, idiotic biometric scan requirement — as the leading poster said, ""fuck all the way off"" (and turn it up to eleventy one) — I will never use their POS platform again. Nothing it provides is remotely of enough value to make it worthwhile in that scenario. Also this whole World Retinal Scan verification thing is easily the most dystopian thing I've seen so far... as bad as the LLMs and other tech are / as damaging as they can be. Like the fucking hubris to even suggest this to people. Drop dead, tech bros.",Ars OpenForum,,https://arstechnica.com/civis/threads/reddit-will-require-fishy-accounts-to-verify-they-are-run-by-a-human.1512275/page-2,unverified,"thrillgore said: Feeds human content to AI AI posts content to reddit Model collapse If Reddit asks for ID, I will leave. I am probably not alone on this. Click to expand... Hell, some subs are so badly over-run by fake AI accounts and slop, I basically walked away in 2024, before any of this happened. There is one sub which has some practical use to me, which did not seem as of last fall to be overrun (for reasons I can only guess at), so I may use it a few weeks a year in a limited fashion. But the second I get a whif of AI in that last sub, let alone some draconian, idiotic biometric scan requirement — as the leading poster said, ""fuck all the way off"" (and turn it up to eleventy one) — I will never use their POS platform again. Nothing it provides is remotely of enough value to make it worthwhile in that scenario. Also this whole World Retinal Scan verification thing is easily the most dystopian thing I've seen so far... as bad as the LLMs and other tech are / as damaging as they can be. Like the fucking hubris to even suggest this to people. Drop dead, tech bros.","thrillgore said: Feeds human content to AI AI posts content to reddit Model collapse If Reddit asks for ID, I will leave. I am probably not alone on this. Click to expand... Hell, some subs are so badly over-run by fake AI accounts and slop, I basically walked away in 2024, before any of this happened. There is one sub which has some practical use to me, which did not seem as of last fall to be overrun (for reasons I can only guess at), so I may use it a few weeks a year in a limited fashion. But the second I get a whif of AI in that last sub, let alone some draconian, idiotic biometric scan requirement — as the leading poster said, ""fuck all the way off"" (and turn it up to eleventy one) — I will never use their POS platform again. Nothing it provides is remotely of enough value to make it worthwhile in that scenario. Also this whole World Retinal Scan verification thing is easily the most dystopian thing I've seen so far... as bad as the LLMs and other tech are / as damaging as they can be. Like the fucking hubris to even suggest this to people. Drop dead, tech bros.",210,1084,thrillgore said feeds human content to ai ai posts content to reddit model collapse if reddit asks for id i will leave i am probably not alone on this click to expand hell some subs are so badly over run by fake ai accounts and slop i basically walked away in 2024 before any of this happened there is one sub which has some practical use to me which did not seem as of last fall to be overrun for reasons i can only guess at so i may use it a few weeks a year in a limited fashion but the second i get a whif of ai in that last sub let alone some draconian idiotic biometric scan requirement as the leading poster said fuck all the way off and turn it up to eleventy one i will never use their pos platform again nothing it provides is remotely of enough value to make it worthwhile in that scenario also this whole world retinal scan verification thing is easily the most dystopian thing i've seen so far as bad as the llms and other tech are as damaging as they can be like the fucking hubris to even suggest this to people drop dead tech bros,Negative,-0.9792,0.063,0.168,0.769,"['Privacy & Data Concerns', 'Bot Detection & Spam', 'Verification & Authentication', 'Anonymity & User Freedom', 'Trust & Reddit', 'Convenience & User Experience']",True,,Negative,0.8440710457421639,0.8440710457421639,0.07348156461467302,0.08244738964316303
post-44332900,,2026-03-25,"awful, reddit is TERRIBLE at identifying bots, i already got detected as a bot multiple times even tho i don't even use chatgpt to post like most ppl.",Ars OpenForum,,https://arstechnica.com/civis/threads/reddit-will-require-fishy-accounts-to-verify-they-are-run-by-a-human.1512275/page-2,unverified,"awful, reddit is TERRIBLE at identifying bots, i already got detected as a bot multiple times even tho i don't even use chatgpt to post like most ppl.","awful, reddit is TERRIBLE at identifying bots, i already got detected as a bot multiple times even tho i don't even use chatgpt to post like most ppl.",28,150,awful reddit is terrible at identifying bots i already got detected as a bot multiple times even tho i don't even use chatgpt to post like most ppl,Negative,-0.5574,0.074,0.182,0.744,"['Privacy & Data Concerns', 'Bot Detection & Spam', 'Trust & Reddit', 'Convenience & User Experience']",True,,Negative,0.7133589266562916,0.7133589266562916,0.16133062941984033,0.12531044392386811
post-44332959,,2026-03-25,"Zapitron said: This will stand as a crucial and profound reminder that we must all endeavor to showcase not just our humanity—but also our not-robotity—in our writing, speech, and other patterns. Click to expand... Did you intentionally put em dashes in text proclaiming you're not AI? That's the joke, right? I can't tell through text.",Ars OpenForum,,https://arstechnica.com/civis/threads/reddit-will-require-fishy-accounts-to-verify-they-are-run-by-a-human.1512275/page-2,unverified,"Zapitron said: This will stand as a crucial and profound reminder that we must all endeavor to showcase not just our humanity—but also our not-robotity—in our writing, speech, and other patterns. Click to expand... Did you intentionally put em dashes in text proclaiming you're not AI? That's the joke, right? I can't tell through text.","Zapitron said: This will stand as a crucial and profound reminder that we must all endeavor to showcase not just our humanity—but also our not-robotity—in our writing, speech, and other patterns. Click to expand... Did you intentionally put em dashes in text proclaiming you're not AI? That's the joke, right? I can't tell through text.",55,336,zapitron said this will stand as a crucial and profound reminder that we must all endeavor to showcase not just our humanity but also our not robotity in our writing speech and other patterns click to expand did you intentionally put em dashes in text proclaiming you're not ai that's the joke right i can't tell through text,Positive,0.6956,0.093,0.0,0.907,"['Privacy & Data Concerns', 'Bot Detection & Spam']",False,,Negative,0.5182207720960235,0.5182207720960235,0.26809193510257756,0.213687292801399
post-44333298,,2026-03-25,"MilanKraft said: Hell, some subs are so badly over-run by fake AI accounts and slop, I basically walked away in 2024, before any of this happened. There is one sub which has some practical use to me, which did not seem as of last fall to be overrun (for reasons I can only guess at), so I may use it a few weeks a year in a limited fashion. But the second I get a whif of AI in that last sub, let alone some draconian, idiotic biometric scan requirement — as the leading poster said, ""fuck all the way off"" (and turn it up to eleventy one) — I will never use their POS platform again. Nothing it provides is remotely of enough value to make it worthwhile in that scenario. Also this whole World Retinal Scan verification thing is easily the most dystopian thing I've seen so far... as bad as the LLMs and other tech are / as damaging as they can be. Like the fucking hubris to even suggest this to people. Drop dead, tech bros. Click to expand... World is a Sam Altman project.",Ars OpenForum,,https://arstechnica.com/civis/threads/reddit-will-require-fishy-accounts-to-verify-they-are-run-by-a-human.1512275/page-2,unverified,"MilanKraft said: Hell, some subs are so badly over-run by fake AI accounts and slop, I basically walked away in 2024, before any of this happened. There is one sub which has some practical use to me, which did not seem as of last fall to be overrun (for reasons I can only guess at), so I may use it a few weeks a year in a limited fashion. But the second I get a whif of AI in that last sub, let alone some draconian, idiotic biometric scan requirement — as the leading poster said, ""fuck all the way off"" (and turn it up to eleventy one) — I will never use their POS platform again. Nothing it provides is remotely of enough value to make it worthwhile in that scenario. Also this whole World Retinal Scan verification thing is easily the most dystopian thing I've seen so far... as bad as the LLMs and other tech are / as damaging as they can be. Like the fucking hubris to even suggest this to people. Drop dead, tech bros. Click to expand... World is a Sam Altman project.","MilanKraft said: Hell, some subs are so badly over-run by fake AI accounts and slop, I basically walked away in 2024, before any of this happened. There is one sub which has some practical use to me, which did not seem as of last fall to be overrun (for reasons I can only guess at), so I may use it a few weeks a year in a limited fashion. But the second I get a whif of AI in that last sub, let alone some draconian, idiotic biometric scan requirement — as the leading poster said, ""fuck all the way off"" (and turn it up to eleventy one) — I will never use their POS platform again. Nothing it provides is remotely of enough value to make it worthwhile in that scenario. Also this whole World Retinal Scan verification thing is easily the most dystopian thing I've seen so far... as bad as the LLMs and other tech are / as damaging as they can be. Like the fucking hubris to even suggest this to people. Drop dead, tech bros. Click to expand... World is a Sam Altman project.",189,977,milankraft said hell some subs are so badly over run by fake ai accounts and slop i basically walked away in 2024 before any of this happened there is one sub which has some practical use to me which did not seem as of last fall to be overrun for reasons i can only guess at so i may use it a few weeks a year in a limited fashion but the second i get a whif of ai in that last sub let alone some draconian idiotic biometric scan requirement as the leading poster said fuck all the way off and turn it up to eleventy one i will never use their pos platform again nothing it provides is remotely of enough value to make it worthwhile in that scenario also this whole world retinal scan verification thing is easily the most dystopian thing i've seen so far as bad as the llms and other tech are as damaging as they can be like the fucking hubris to even suggest this to people drop dead tech bros click to expand world is a sam altman project,Negative,-0.9767,0.069,0.173,0.758,"['Privacy & Data Concerns', 'Bot Detection & Spam', 'Verification & Authentication', 'Anonymity & User Freedom', 'Convenience & User Experience']",True,,Negative,0.8581672296761137,0.8581672296761137,0.059263191246276645,0.08256957907760953
post-44333311,,2026-03-25,"Mr. Perfect said: Did you intentionally put em dashes in text proclaiming you're not AI? That's the joke, right? I can't tell through text. Click to expand... I swear to god, I think I hate AI more for the vilifying of EM dashes than anything. I long prided myself on the use of them. I even have an ""alt+0151"" macro set up on a G key on my Logitech keyboard that I can slap with my pinky to quickly insert them. I had to abandon that. While Reddit has gotten worse in recent years, I can't say I was ever really a fan of it. It played a large part in the killing off of individual forum communities you used to find all over the web (powered by vBulletin, phpBB, SMF, etc.) Such communities are where I used to spend the vast amount of my online time (RIP discussanything dot com).",Ars OpenForum,,https://arstechnica.com/civis/threads/reddit-will-require-fishy-accounts-to-verify-they-are-run-by-a-human.1512275/page-2,unverified,"Mr. Perfect said: Did you intentionally put em dashes in text proclaiming you're not AI? That's the joke, right? I can't tell through text. Click to expand... I swear to god, I think I hate AI more for the vilifying of EM dashes than anything. I long prided myself on the use of them. I even have an ""alt+0151"" macro set up on a G key on my Logitech keyboard that I can slap with my pinky to quickly insert them. I had to abandon that. While Reddit has gotten worse in recent years, I can't say I was ever really a fan of it. It played a large part in the killing off of individual forum communities you used to find all over the web (powered by vBulletin, phpBB, SMF, etc.) Such communities are where I used to spend the vast amount of my online time (RIP discussanything dot com).","Mr. Perfect said: Did you intentionally put em dashes in text proclaiming you're not AI? That's the joke, right? I can't tell through text. Click to expand... I swear to god, I think I hate AI more for the vilifying of EM dashes than anything. I long prided myself on the use of them. I even have an ""alt+0151"" macro set up on a G key on my Logitech keyboard that I can slap with my pinky to quickly insert them. I had to abandon that. While Reddit has gotten worse in recent years, I can't say I was ever really a fan of it. It played a large part in the killing off of individual forum communities you used to find all over the web (powered by vBulletin, phpBB, SMF, etc.) Such communities are where I used to spend the vast amount of my online time (RIP discussanything dot com).",151,782,mr perfect said did you intentionally put em dashes in text proclaiming you're not ai that's the joke right i can't tell through text click to expand i swear to god i think i hate ai more for the vilifying of em dashes than anything i long prided myself on the use of them i even have an alt 0151 macro set up on a g key on my logitech keyboard that i can slap with my pinky to quickly insert them i had to abandon that while reddit has gotten worse in recent years i can't say i was ever really a fan of it it played a large part in the killing off of individual forum communities you used to find all over the web powered by vbulletin phpbb smf etc such communities are where i used to spend the vast amount of my online time rip discussanything dot com,Negative,-0.1082,0.098,0.089,0.813,"['Privacy & Data Concerns', 'Trust & Reddit', 'Convenience & User Experience']",False,,Negative,0.6786892578591736,0.6786892578591736,0.14505640943906414,0.1762543327017623
post-44333563,,2026-03-25,"KrookedRooster said: Recently I had to prove I was human by clicking on a box and holding down the mouse button.  Took longer than I thought it should.  Almost like if I gave up it would be a better indicator I was human. Like, this is ridiculous. Click to expand... I've gotten a few of those, mostly bloomberg and walmart. They never seem to work - I can't figure out WHAT it wants me to do. If I hold it until it shows the checkmark, it just reloads and shows me another one with a different speed.",Ars OpenForum,,https://arstechnica.com/civis/threads/reddit-will-require-fishy-accounts-to-verify-they-are-run-by-a-human.1512275/page-2,unverified,"KrookedRooster said: Recently I had to prove I was human by clicking on a box and holding down the mouse button.  Took longer than I thought it should.  Almost like if I gave up it would be a better indicator I was human. Like, this is ridiculous. Click to expand... I've gotten a few of those, mostly bloomberg and walmart. They never seem to work - I can't figure out WHAT it wants me to do. If I hold it until it shows the checkmark, it just reloads and shows me another one with a different speed.","KrookedRooster said: Recently I had to prove I was human by clicking on a box and holding down the mouse button. Took longer than I thought it should. Almost like if I gave up it would be a better indicator I was human. Like, this is ridiculous. Click to expand... I've gotten a few of those, mostly bloomberg and walmart. They never seem to work - I can't figure out WHAT it wants me to do. If I hold it until it shows the checkmark, it just reloads and shows me another one with a different speed.",97,499,krookedrooster said recently i had to prove i was human by clicking on a box and holding down the mouse button took longer than i thought it should almost like if i gave up it would be a better indicator i was human like this is ridiculous click to expand i've gotten a few of those mostly bloomberg and walmart they never seem to work i can't figure out what it wants me to do if i hold it until it shows the checkmark it just reloads and shows me another one with a different speed,Positive,0.7512,0.096,0.024,0.88,"['Privacy & Data Concerns', 'Convenience & User Experience']",True,,Negative,0.7430227318378908,0.7430227318378908,0.11598860132813506,0.1409886668339742
post-44333580,,2026-03-25,"KrookedRooster said: Recently I had to prove I was human by clicking on a box and holding down the mouse button.  Took longer than I thought it should.  Almost like if I gave up it would be a better indicator I was human. Like, this is ridiculous. Gotta say I missed picking out Traffic Lights or Bicycles or Crosswalks or Buses or Motorcycles but we were doing that to train the AI to do exactly that so.... we done played ourselves. Click to expand... I had that on walmart . com",Ars OpenForum,,https://arstechnica.com/civis/threads/reddit-will-require-fishy-accounts-to-verify-they-are-run-by-a-human.1512275/page-2,unverified,"KrookedRooster said: Recently I had to prove I was human by clicking on a box and holding down the mouse button.  Took longer than I thought it should.  Almost like if I gave up it would be a better indicator I was human. Like, this is ridiculous. Gotta say I missed picking out Traffic Lights or Bicycles or Crosswalks or Buses or Motorcycles but we were doing that to train the AI to do exactly that so.... we done played ourselves. Click to expand... I had that on walmart . com","KrookedRooster said: Recently I had to prove I was human by clicking on a box and holding down the mouse button. Took longer than I thought it should. Almost like if I gave up it would be a better indicator I was human. Like, this is ridiculous. Gotta say I missed picking out Traffic Lights or Bicycles or Crosswalks or Buses or Motorcycles but we were doing that to train the AI to do exactly that so.... we done played ourselves. Click to expand... I had that on walmart . com",91,479,krookedrooster said recently i had to prove i was human by clicking on a box and holding down the mouse button took longer than i thought it should almost like if i gave up it would be a better indicator i was human like this is ridiculous gotta say i missed picking out traffic lights or bicycles or crosswalks or buses or motorcycles but we were doing that to train the ai to do exactly that so we done played ourselves click to expand i had that on walmart com,Positive,0.8126,0.12,0.034,0.846,"['Privacy & Data Concerns', 'Convenience & User Experience']",True,,Negative,0.598793736663315,0.598793736663315,0.215722936191821,0.18548332714486387
post-44333588,,2026-03-25,"Random_stranger said: I've gotten a few of those, mostly bloomberg and walmart. They never seem to work - I can't figure out WHAT it wants me to do. If I hold it until it shows the checkmark, it just reloads and shows me another one with a different speed. Click to expand... It took me a minute to figure out where I was supposed to click. The UI is horrible.",Ars OpenForum,,https://arstechnica.com/civis/threads/reddit-will-require-fishy-accounts-to-verify-they-are-run-by-a-human.1512275/page-2,unverified,"Random_stranger said: I've gotten a few of those, mostly bloomberg and walmart. They never seem to work - I can't figure out WHAT it wants me to do. If I hold it until it shows the checkmark, it just reloads and shows me another one with a different speed. Click to expand... It took me a minute to figure out where I was supposed to click. The UI is horrible.","Random_stranger said: I've gotten a few of those, mostly bloomberg and walmart. They never seem to work - I can't figure out WHAT it wants me to do. If I hold it until it shows the checkmark, it just reloads and shows me another one with a different speed. Click to expand... It took me a minute to figure out where I was supposed to click. The UI is horrible.",70,360,random stranger said i've gotten a few of those mostly bloomberg and walmart they never seem to work i can't figure out what it wants me to do if i hold it until it shows the checkmark it just reloads and shows me another one with a different speed click to expand it took me a minute to figure out where i was supposed to click the ui is horrible,Negative,-0.296,0.031,0.047,0.921,['Privacy & Data Concerns'],True,,Negative,0.7174804401954505,0.7174804401954505,0.1655302006534444,0.11698935915110498
post-44333625,,2026-03-25,"nanite2000 said: I see a lot of comments from people complaining about having to prove they’re not a bot, but no one has yet provided any better ideas. So, how would you distinguish bots from real humans if you owned Reddit? I’m genuinely curious to hear what other solutions exist. Click to expand... The comments from 1y to 2y accounts could be from AI bots.",Ars OpenForum,,https://arstechnica.com/civis/threads/reddit-will-require-fishy-accounts-to-verify-they-are-run-by-a-human.1512275/page-2,unverified,"nanite2000 said: I see a lot of comments from people complaining about having to prove they’re not a bot, but no one has yet provided any better ideas. So, how would you distinguish bots from real humans if you owned Reddit? I’m genuinely curious to hear what other solutions exist. Click to expand... The comments from 1y to 2y accounts could be from AI bots.","nanite2000 said: I see a lot of comments from people complaining about having to prove they’re not a bot, but no one has yet provided any better ideas. So, how would you distinguish bots from real humans if you owned Reddit? I’m genuinely curious to hear what other solutions exist. Click to expand... The comments from 1y to 2y accounts could be from AI bots.",65,360,nanite2000 said i see a lot of comments from people complaining about having to prove they re not a bot but no one has yet provided any better ideas so how would you distinguish bots from real humans if you owned reddit i m genuinely curious to hear what other solutions exist click to expand the comments from 1y to 2y accounts could be from ai bots,Positive,0.8225,0.153,0.055,0.792,"['Privacy & Data Concerns', 'Bot Detection & Spam', 'Anonymity & User Freedom', 'Trust & Reddit']",False,,Negative,0.621015838009695,0.621015838009695,0.20231784233210592,0.17666631965819915
post-44333902,,2026-03-25,"Random John Smith Guy said: Not surprising given the recent issues with /all that showed a complete disconnect from... well, anything human. Botting has been an issue for years; I think the 2020 election season and then the arrival of genai in 22/23 really switched it into high gear. You can observe it even on small subreddits when upvote counts will mysteriously surge into the hundreds when you know there's a couple dozen people there tops. The upvote issue, which mods can't really do shit about, is probably the most significant one that needs addressing (and conversely the downvote issue). You'll also see all sorts of shit like a surge in thread responses days after the thread's gone inactive (along with wild swings in votes), and even straight up incompetence--the r/army mods have seen posts that are just written in Russian (mostly of the unoriginal ""your wives are getting fucked by other men"" type) and they forgot to translate them. There's probably much easier ways to spot them than just using AI though. Like filtering all users who list a snapchat or telegram anywhere on their accounts, for instance. Click to expand... If you're ever confused about the fact that it's already swarming with bots, read the top comments in popular posts. There are a few different overall themes and most of the comments sound exactly the same but using slightly different wording. I don't get someone spending the time to write the same idea that hundreds or thousands of other users/bots already made UNLESS it's a bot doing it for karma.",Ars OpenForum,,https://arstechnica.com/civis/threads/reddit-will-require-fishy-accounts-to-verify-they-are-run-by-a-human.1512275/page-2,unverified,"Random John Smith Guy said: Not surprising given the recent issues with /all that showed a complete disconnect from... well, anything human. Botting has been an issue for years; I think the 2020 election season and then the arrival of genai in 22/23 really switched it into high gear. You can observe it even on small subreddits when upvote counts will mysteriously surge into the hundreds when you know there's a couple dozen people there tops. The upvote issue, which mods can't really do shit about, is probably the most significant one that needs addressing (and conversely the downvote issue). You'll also see all sorts of shit like a surge in thread responses days after the thread's gone inactive (along with wild swings in votes), and even straight up incompetence--the r/army mods have seen posts that are just written in Russian (mostly of the unoriginal ""your wives are getting fucked by other men"" type) and they forgot to translate them. There's probably much easier ways to spot them than just using AI though. Like filtering all users who list a snapchat or telegram anywhere on their accounts, for instance. Click to expand... If you're ever confused about the fact that it's already swarming with bots, read the top comments in popular posts. There are a few different overall themes and most of the comments sound exactly the same but using slightly different wording. I don't get someone spending the time to write the same idea that hundreds or thousands of other users/bots already made UNLESS it's a bot doing it for karma.","Random John Smith Guy said: Not surprising given the recent issues with /all that showed a complete disconnect from... well, anything human. Botting has been an issue for years; I think the 2020 election season and then the arrival of genai in 22/23 really switched it into high gear. You can observe it even on small subreddits when upvote counts will mysteriously surge into the hundreds when you know there's a couple dozen people there tops. The upvote issue, which mods can't really do shit about, is probably the most significant one that needs addressing (and conversely the downvote issue). You'll also see all sorts of shit like a surge in thread responses days after the thread's gone inactive (along with wild swings in votes), and even straight up incompetence--the r/army mods have seen posts that are just written in Russian (mostly of the unoriginal ""your wives are getting fucked by other men"" type) and they forgot to translate them. There's probably much easier ways to spot them than just using AI though. Like filtering all users who list a snapchat or telegram anywhere on their accounts, for instance. Click to expand... If you're ever confused about the fact that it's already swarming with bots, read the top comments in popular posts. There are a few different overall themes and most of the comments sound exactly the same but using slightly different wording. I don't get someone spending the time to write the same idea that hundreds or thousands of other users/bots already made UNLESS it's a bot doing it for karma.",262,1545,random john smith guy said not surprising given the recent issues with all that showed a complete disconnect from well anything human botting has been an issue for years i think the 2020 election season and then the arrival of genai in 22 23 really switched it into high gear you can observe it even on small subreddits when upvote counts will mysteriously surge into the hundreds when you know there's a couple dozen people there tops the upvote issue which mods can't really do shit about is probably the most significant one that needs addressing and conversely the downvote issue you'll also see all sorts of shit like a surge in thread responses days after the thread's gone inactive along with wild swings in votes and even straight up incompetence the r army mods have seen posts that are just written in russian mostly of the unoriginal your wives are getting fucked by other men type and they forgot to translate them there's probably much easier ways to spot them than just using ai though like filtering all users who list a snapchat or telegram anywhere on their accounts for instance click to expand if you're ever confused about the fact that it's already swarming with bots read the top comments in popular posts there are a few different overall themes and most of the comments sound exactly the same but using slightly different wording i don't get someone spending the time to write the same idea that hundreds or thousands of other users bots already made unless it's a bot doing it for karma,Positive,0.6,0.068,0.037,0.895,"['Privacy & Data Concerns', 'Bot Detection & Spam', 'Anonymity & User Freedom', 'Trust & Reddit', 'Convenience & User Experience']",True,,Negative,0.7436205932169495,0.7436205932169495,0.15042729021351717,0.10595211656953327
post-44333962,,2026-03-25,"asihkaeun said: I quit browsing Reddit cold turkey when that happened. I suppose I still read posts that come up as search results if I'm hunting for something specific, but that's one a month or less. Click to expand... Where is the Reddit replacement that was supposed to come from this?  I'd like to participate in something like Reddit, but I haven't seen anything rise up.  Maybe there are some things, but they don't show up in Google results. KrookedRooster said: Gotta say I missed picking out Traffic Lights or Bicycles or Crosswalks or Buses or Motorcycles but we were doing that to train the AI to do exactly that so.... we done played ourselves. Click to expand... I miss the first captchas where they claimed that my effort was being used to help scan books.  Now they just waste my time.",Ars OpenForum,,https://arstechnica.com/civis/threads/reddit-will-require-fishy-accounts-to-verify-they-are-run-by-a-human.1512275/page-2,unverified,"asihkaeun said: I quit browsing Reddit cold turkey when that happened. I suppose I still read posts that come up as search results if I'm hunting for something specific, but that's one a month or less. Click to expand... Where is the Reddit replacement that was supposed to come from this?  I'd like to participate in something like Reddit, but I haven't seen anything rise up.  Maybe there are some things, but they don't show up in Google results. KrookedRooster said: Gotta say I missed picking out Traffic Lights or Bicycles or Crosswalks or Buses or Motorcycles but we were doing that to train the AI to do exactly that so.... we done played ourselves. Click to expand... I miss the first captchas where they claimed that my effort was being used to help scan books.  Now they just waste my time.","asihkaeun said: I quit browsing Reddit cold turkey when that happened. I suppose I still read posts that come up as search results if I'm hunting for something specific, but that's one a month or less. Click to expand... Where is the Reddit replacement that was supposed to come from this? I'd like to participate in something like Reddit, but I haven't seen anything rise up. Maybe there are some things, but they don't show up in Google results. KrookedRooster said: Gotta say I missed picking out Traffic Lights or Bicycles or Crosswalks or Buses or Motorcycles but we were doing that to train the AI to do exactly that so.... we done played ourselves. Click to expand... I miss the first captchas where they claimed that my effort was being used to help scan books. Now they just waste my time.",142,798,asihkaeun said i quit browsing reddit cold turkey when that happened i suppose i still read posts that come up as search results if i'm hunting for something specific but that's one a month or less click to expand where is the reddit replacement that was supposed to come from this i'd like to participate in something like reddit but i haven't seen anything rise up maybe there are some things but they don't show up in google results krookedrooster said gotta say i missed picking out traffic lights or bicycles or crosswalks or buses or motorcycles but we were doing that to train the ai to do exactly that so we done played ourselves click to expand i miss the first captchas where they claimed that my effort was being used to help scan books now they just waste my time,Positive,0.8922,0.119,0.052,0.829,"['Privacy & Data Concerns', 'Trust & Reddit', 'Convenience & User Experience']",True,,Negative,0.5808747073738586,0.5808747073738586,0.28632760324661033,0.1327976893795311
post-44336672,,2026-03-25,"Funny at first, Reddit was humans teaching other humans how to talk. Then humans used Reddit to teach bots how to talk. Now bots are teaching humans to talk again. It's a ridiculous Pavlovian feedback loop from Hell.",Ars OpenForum,,https://arstechnica.com/civis/threads/reddit-will-require-fishy-accounts-to-verify-they-are-run-by-a-human.1512275/page-2,unverified,"Funny at first, Reddit was humans teaching other humans how to talk. Then humans used Reddit to teach bots how to talk. Now bots are teaching humans to talk again. It's a ridiculous Pavlovian feedback loop from Hell.","Funny at first, Reddit was humans teaching other humans how to talk. Then humans used Reddit to teach bots how to talk. Now bots are teaching humans to talk again. It's a ridiculous Pavlovian feedback loop from Hell.",38,216,funny at first reddit was humans teaching other humans how to talk then humans used reddit to teach bots how to talk now bots are teaching humans to talk again it's a ridiculous pavlovian feedback loop from hell,Negative,-0.6369,0.064,0.158,0.778,"['Privacy & Data Concerns', 'Bot Detection & Spam', 'Trust & Reddit', 'Convenience & User Experience']",True,,Negative,0.5480102671397657,0.5480102671397657,0.2538125126186034,0.19817722024163087
post-44336815,,2026-03-25,"nanite2000 said: I see a lot of comments from people complaining about having to prove they’re not a bot, but no one has yet provided any better ideas. So, how would you distinguish bots from real humans if you owned Reddit? I’m genuinely curious to hear what other solutions exist. Click to expand... Well, here we are - 2 days and 66 comments later, and not one single viable alternative suggestion for how to identify AI/bot accounts on Reddit. Is the Ars comment section also full of AI rage-bots these days?",Ars OpenForum,,https://arstechnica.com/civis/threads/reddit-will-require-fishy-accounts-to-verify-they-are-run-by-a-human.1512275/page-2,unverified,"nanite2000 said: I see a lot of comments from people complaining about having to prove they’re not a bot, but no one has yet provided any better ideas. So, how would you distinguish bots from real humans if you owned Reddit? I’m genuinely curious to hear what other solutions exist. Click to expand... Well, here we are - 2 days and 66 comments later, and not one single viable alternative suggestion for how to identify AI/bot accounts on Reddit. Is the Ars comment section also full of AI rage-bots these days?","nanite2000 said: I see a lot of comments from people complaining about having to prove they’re not a bot, but no one has yet provided any better ideas. So, how would you distinguish bots from real humans if you owned Reddit? I’m genuinely curious to hear what other solutions exist. Click to expand... Well, here we are - 2 days and 66 comments later, and not one single viable alternative suggestion for how to identify AI/bot accounts on Reddit. Is the Ars comment section also full of AI rage-bots these days?",91,512,nanite2000 said i see a lot of comments from people complaining about having to prove they re not a bot but no one has yet provided any better ideas so how would you distinguish bots from real humans if you owned reddit i m genuinely curious to hear what other solutions exist click to expand well here we are 2 days and 66 comments later and not one single viable alternative suggestion for how to identify ai bot accounts on reddit is the ars comment section also full of ai rage bots these days,Positive,0.6542,0.132,0.083,0.785,"['Privacy & Data Concerns', 'Bot Detection & Spam', 'Anonymity & User Freedom', 'Trust & Reddit']",False,,Negative,0.6140077776774118,0.6140077776774118,0.21131422055799662,0.17467800176459158
47566527,2026-03-29 19:46:40+00:00,2026-03-29,"&gt; whoa there, pardner!<p>cannot even read this thing.  Guess I&#x27;m not human enough...",Hacker News,0.0,https://news.ycombinator.com/item?id=47566527,verified,"&gt; whoa there, pardner!<p>cannot even read this thing.  Guess I&#x27;m not human enough...","> whoa there, pardner! cannot even read this thing. Guess I'm not human enough...",14,81,whoa there pardner cannot even read this thing guess i'm not human enough,Neutral,0.0,0.0,0.0,1.0,[],False,0.0,Negative,0.7781717262940664,0.7781717262940664,0.0832521958536861,0.13857607785224754
47564010,2026-03-29 15:32:43+00:00,2026-03-29,Good policy IMO. There have been a flood of AI written posts on Reddit,Hacker News,0.0,https://news.ycombinator.com/item?id=47564010,verified,Good policy IMO. There have been a flood of AI written posts on Reddit,Good policy IMO. There have been a flood of AI written posts on Reddit,14,70,good policy imo there have been a flood of ai written posts on reddit,Positive,0.4404,0.182,0.0,0.818,['Trust & Reddit'],False,0.0,Negative,0.41348845690600994,0.41348845690600994,0.21947683544337213,0.3670347076506179
47533433,2026-03-26 17:42:50+00:00,2026-03-26,Not sure I understand how passkeys verify humanity.,Hacker News,0.0,https://news.ycombinator.com/item?id=47533433,verified,Not sure I understand how passkeys verify humanity.,Not sure I understand how passkeys verify humanity.,8,51,not sure i understand how passkeys verify humanity,Negative,-0.2411,0.0,0.219,0.781,['Verification & Authentication'],True,0.0,Negative,0.6959966148633409,0.6959966148633409,0.15814077410653735,0.1458626110301219
47490628,2026-03-23 15:11:42+00:00,2026-03-23,I guess it&#x27;s finally doing what it takes to kill itself. I can&#x27;t wait. There&#x27;s no way in which I would give it any ID or biometric whatsoever.,Hacker News,0.0,https://news.ycombinator.com/item?id=47490628,verified,I guess it&#x27;s finally doing what it takes to kill itself. I can&#x27;t wait. There&#x27;s no way in which I would give it any ID or biometric whatsoever.,I guess it's finally doing what it takes to kill itself. I can't wait. There's no way in which I would give it any ID or biometric whatsoever.,28,142,i guess it's finally doing what it takes to kill itself i can't wait there's no way in which i would give it any id or biometric whatsoever,Negative,-0.5875,0.058,0.144,0.798,['Privacy & Data Concerns'],True,0.0,Negative,0.5216832531948814,0.5216832531948814,0.2168967146939245,0.26142003211119413
47486735,2026-03-23 08:31:22+00:00,2026-03-23,Is this a mem or where does this global cross platform push to gather biometrics come from?,Hacker News,0.0,https://news.ycombinator.com/item?id=47486735,verified,Is this a mem or where does this global cross platform push to gather biometrics come from?,Is this a mem or where does this global cross platform push to gather biometrics come from?,17,91,is this a mem or where does this global cross platform push to gather biometrics come from,Neutral,0.0,0.0,0.0,1.0,['Privacy & Data Concerns'],False,0.0,Negative,0.45813130088350945,0.45813130088350945,0.2666543654108142,0.2752143337056763
47566169,2026-03-29 19:10:17+00:00,2026-03-29,"Bots have always been a problem on these platforms, but it has taken the deluge of AI generated accounts to force platforms to truly wrestle with the problem.<p>The upside is hopefully there are fewer bots on these platforms, which has many positive second-order effects. The downside is the method of human verification as ID cards will lead to more identity theft, fake IDs, and a new set of problems.",Hacker News,0.0,https://news.ycombinator.com/item?id=47566169,verified,"Bots have always been a problem on these platforms, but it has taken the deluge of AI generated accounts to force platforms to truly wrestle with the problem.<p>The upside is hopefully there are fewer bots on these platforms, which has many positive second-order effects. The downside is the method of human verification as ID cards will lead to more identity theft, fake IDs, and a new set of problems.","Bots have always been a problem on these platforms, but it has taken the deluge of AI generated accounts to force platforms to truly wrestle with the problem. The upside is hopefully there are fewer bots on these platforms, which has many positive second-order effects. The downside is the method of human verification as ID cards will lead to more identity theft, fake IDs, and a new set of problems.",70,401,bots have always been a problem on these platforms but it has taken the deluge of ai generated accounts to force platforms to truly wrestle with the problem the upside is hopefully there are fewer bots on these platforms which has many positive second order effects the downside is the method of human verification as id cards will lead to more identity theft fake ids and a new set of problems,Negative,-0.401,0.135,0.175,0.69,"['Privacy & Data Concerns', 'Bot Detection & Spam', 'Verification & Authentication', 'Anonymity & User Freedom']",True,0.0,Neutral,0.4396283563403883,0.39930596757278153,0.4396283563403883,0.1610656760868302
47566335,2026-03-29 19:26:33+00:00,2026-03-29,"I have zero trust this new thing will be implemented well. Reddit <i>was</i> my primary social media presence for over a decade, until one random morning they destroyed my sole account and everything I ever wrote (and all downstream comments by others) with a kafkaesque automated nightmare.<p>Strangely, they still thought I was human enough to pester me about buying into their IPO.",Hacker News,0.0,https://news.ycombinator.com/item?id=47566335,verified,"I have zero trust this new thing will be implemented well. Reddit <i>was</i> my primary social media presence for over a decade, until one random morning they destroyed my sole account and everything I ever wrote (and all downstream comments by others) with a kafkaesque automated nightmare.<p>Strangely, they still thought I was human enough to pester me about buying into their IPO.","I have zero trust this new thing will be implemented well. Reddit was my primary social media presence for over a decade, until one random morning they destroyed my sole account and everything I ever wrote (and all downstream comments by others) with a kafkaesque automated nightmare. Strangely, they still thought I was human enough to pester me about buying into their IPO.",63,375,i have zero trust this new thing will be implemented well reddit was my primary social media presence for over a decade until one random morning they destroyed my sole account and everything i ever wrote and all downstream comments by others with a kafkaesque automated nightmare strangely they still thought i was human enough to pester me about buying into their ipo,Neutral,-0.0,0.077,0.077,0.845,"['Bot Detection & Spam', 'Anonymity & User Freedom', 'Trust & Reddit']",False,0.0,Negative,0.4656050480007867,0.4656050480007867,0.22398062788412754,0.3104143241150858
47529989,2026-03-26 13:08:12+00:00,2026-03-26,"Reddit, the platform notorious for massive amounts of astroturfing and (voting) bots, wants to &quot;fight the bots&quot;. No, not those bots. They mean bots like those run by Bill, the fool who thinks it&#x27;s funny to have his ClawdBot post memes on his behalf.<p>To stop Bill and his shenanigans, Reddit will want your biometric and government ID data. Pinky promise they won&#x27;t store it, abuse it, or accidentally leak it. And only if the bots say that you&#x27;re a bot, so no worries with those em-dashes and correct grammar, &#x27;cause LLM detection is super-duper accurate of course.",Hacker News,0.0,https://news.ycombinator.com/item?id=47529989,verified,"Reddit, the platform notorious for massive amounts of astroturfing and (voting) bots, wants to &quot;fight the bots&quot;. No, not those bots. They mean bots like those run by Bill, the fool who thinks it&#x27;s funny to have his ClawdBot post memes on his behalf.<p>To stop Bill and his shenanigans, Reddit will want your biometric and government ID data. Pinky promise they won&#x27;t store it, abuse it, or accidentally leak it. And only if the bots say that you&#x27;re a bot, so no worries with those em-dashes and correct grammar, &#x27;cause LLM detection is super-duper accurate of course.","Reddit, the platform notorious for massive amounts of astroturfing and (voting) bots, wants to ""fight the bots"". No, not those bots. They mean bots like those run by Bill, the fool who thinks it's funny to have his ClawdBot post memes on his behalf. To stop Bill and his shenanigans, Reddit will want your biometric and government ID data. Pinky promise they won't store it, abuse it, or accidentally leak it. And only if the bots say that you're a bot, so no worries with those em-dashes and correct grammar, 'cause LLM detection is super-duper accurate of course.",98,565,reddit the platform notorious for massive amounts of astroturfing and voting bots wants to fight the bots no not those bots they mean bots like those run by bill the fool who thinks it's funny to have his clawdbot post memes on his behalf to stop bill and his shenanigans reddit will want your biometric and government id data pinky promise they won't store it abuse it or accidentally leak it and only if the bots say that you're a bot so no worries with those em dashes and correct grammar 'cause llm detection is super duper accurate of course,Positive,0.3909,0.165,0.143,0.692,"['Privacy & Data Concerns', 'Bot Detection & Spam', 'Trust & Reddit', 'Convenience & User Experience']",True,0.0,Negative,0.6941100858292815,0.6941100858292815,0.22981534823740132,0.07607456593331727
